openalex_id,title,year,doi,url,citations,abstract,matched_queries,decision,reason
https://openalex.org/W1986662234,mapman : a user‐driven tool to display genomics data sets onto diagrams of metabolic pathways and other biological processes,2004,https://doi.org/10.1111/j.1365-313x.2004.02016.x,https://doi.org/10.1111/j.1365-313x.2004.02016.x,3451,"MAPMAN is a user-driven tool that displays large data sets onto diagrams of metabolic pathways or other processes. SCAVENGER modules assign the measured parameters to hierarchical categories (formed 'BINs', 'subBINs'). A first build of TRANSCRIPTSCAVENGER groups genes on the Arabidopsis Affymetrix 22K array into >200 hierarchical categories, providing a breakdown of central metabolism (for several pathways, down to the single enzyme level), and an overview of secondary metabolism and cellular processes. METABOLITESCAVENGER groups hundreds of metabolites into pathways or groups of structurally related compounds. An IMAGEANNOTATOR module uses these groupings to organise and display experimental data sets onto diagrams of the users' choice. A modular structure allows users to edit existing categories, add new categories and develop SCAVENGER modules for other sorts of data. MAPMAN is used to analyse two sets of 22K Affymetrix arrays that investigate the response of Arabidopsis rosettes to low sugar: one investigates the response to a 6-h extension of the night, and the other compares wild-type Columbia-0 (Col-0) and the starchless pgm mutant (plastid phosphoglucomutase) at the end of the night. There were qualitatively similar responses in both treatments. Many genes involved in photosynthesis, nutrient acquisition, amino acid, nucleotide, lipid and cell wall synthesis, cell wall modification, and RNA and protein synthesis were repressed. Many genes assigned to amino acid, nucleotide, lipid and cell wall breakdown were induced. Changed expression of genes for trehalose metabolism point to a role for trehalose-6-phosphate (Tre6P) as a starvation signal. Widespread changes in the expression of genes encoding receptor kinases, transcription factors, components of signalling pathways, proteins involved in post-translational modification and turnover, and proteins involved in the synthesis and sensing of cytokinins, abscisic acid (ABA) and ethylene revealing large-scale rewiring of the regulatory network is an early response to sugar depletion.",day night image translation,retain,"night, translation"
https://openalex.org/W2552465644,Image-to-Image Translation with Conditional Adversarial Networks,2017,https://doi.org/10.1109/cvpr.2017.632,https://doi.org/10.1109/cvpr.2017.632,1563,"We investigate conditional adversarial networks as a general-purpose solution to image-to-image translation problems. These networks not only learn the mapping from input image to output image, but also learn a loss function to train this mapping. This makes it possible to apply the same generic approach to problems that traditionally would require very different loss formulations. We demonstrate that this approach is effective at synthesizing photos from label maps, reconstructing objects from edge maps, and colorizing images, among other tasks. Moreover, since the release of the pi×2pi× software associated with this paper, hundreds of twitter users have posted their own artistic experiments using our system. As a community, we no longer hand-engineer our mapping functions, and this work suggests we can achieve reasonable results without handengineering our loss functions either.",day night image translation,retain,translation
https://openalex.org/W2596603442,Person Recognition System Based on a Combination of Body Images from Visible Light and Thermal Cameras,2017,https://doi.org/10.3390/s17030605,https://doi.org/10.3390/s17030605,799,"The human body contains identity information that can be used for the person recognition (verification/recognition) problem. In this paper, we propose a person recognition method using the information extracted from body images. Our research is novel in the following three ways compared to previous studies. First, we use the images of human body for recognizing individuals. To overcome the limitations of previous studies on body-based person recognition that use only visible light images for recognition, we use human body images captured by two different kinds of camera, including a visible light camera and a thermal camera. The use of two different kinds of body image helps us to reduce the effects of noise, background, and variation in the appearance of a human body. Second, we apply a state-of-the art method, called convolutional neural network (CNN) among various available methods, for image features extraction in order to overcome the limitations of traditional hand-designed image feature extraction methods. Finally, with the extracted image features from body images, the recognition task is performed by measuring the distance between the input and enrolled samples. The experimental results show that the proposed method is efficient for enhancing recognition accuracy compared to systems that use only visible light or thermal images of the human body.",day night image translation,retain,noise
https://openalex.org/W1989249852,Lost in translation: Exploring the ethical consumer intention–behavior gap,2012,https://doi.org/10.1016/j.jbusres.2012.09.022,https://doi.org/10.1016/j.jbusres.2012.09.022,796,,day night image translation,retain,translation
https://openalex.org/W2081418206,Deep photo,2008,https://doi.org/10.1145/1409060.1409069,https://doi.org/10.1145/1409060.1409069,722,"In this paper, we introduce a novel system for browsing, enhancing, and manipulating casual outdoor photographs by combining them with already existing georeferenced digital terrain and urban models. A simple interactive registration process is used to align a photograph with such a model. Once the photograph and the model have been registered, an abundance of information, such as depth, texture, and GIS data, becomes immediately available to our system. This information, in turn, enables a variety of operations, ranging from dehazing and relighting the photograph, to novel view synthesis, and overlaying with geographic information. We describe the implementation of a number of these applications and discuss possible extensions. Our results show that augmenting photographs with already available 3D models of the world supports a wide variety of new ways for us to experience and interact with our everyday snapshots.",single image relighting inverse rendering,retain,relight
https://openalex.org/W2989855043,Few-Shot Unsupervised Image-to-Image Translation,2019,https://doi.org/10.1109/iccv.2019.01065,https://doi.org/10.1109/iccv.2019.01065,648,"Unsupervised image-to-image translation methods learn to map images in a given class to an analogous image in a different class, drawing on unstructured (non-registered) datasets of images. While remarkably successful, current methods require access to many images in both source and destination classes at training time. We argue this greatly limits their use. Drawing inspiration from the human capability of picking up the essence of a novel object from a small number of examples and generalizing from there, we seek a few-shot, unsupervised image-to-image translation algorithm that works on previously unseen target classes that are specified, at test time, only by a few example images. Our model achieves this few-shot generation capability by coupling an adversarial training scheme with a novel network design. Through extensive experimental validation and comparisons to several baseline methods on benchmark datasets, we verify the effectiveness of the proposed framework. Our implementation and datasets are available at https://github.com/NVlabs/FUNIT.",unpaired image translation structure preservation,retain,translation
https://openalex.org/W3180794345,Learning an animatable detailed 3D face model from in-the-wild images,2021,https://doi.org/10.1145/3450626.3459936,https://doi.org/10.1145/3450626.3459936,640,"While current monocular 3D face reconstruction methods can recover fine geometric details, they suffer several limitations. Some methods produce faces that cannot be realistically animated because they do not model how wrinkles vary with expression. Other methods are trained on high-quality face scans and do not generalize well to in-the-wild images. We present the first approach that regresses 3D face shape and animatable details that are specific to an individual but change with expression. Our model, DECA (Detailed Expression Capture and Animation), is trained to robustly produce a UV displacement map from a low-dimensional latent representation that consists of person-specific detail parameters and generic expression parameters, while a regressor is trained to predict detail, shape, albedo, expression, pose and illumination parameters from a single image. To enable this, we introduce a novel detail-consistency loss that disentangles person-specific details from expression-dependent wrinkles. This disentanglement allows us to synthesize realistic person-specific wrinkles by controlling expression parameters while keeping person-specific details unchanged. DECA is learned from in-the-wild images with no paired 3D supervision and achieves state-of-the-art shape reconstruction accuracy on two benchmarks. Qualitative results on in-the-wild data demonstrate DECA's robustness and its ability to disentangle identity- and expression-dependent details enabling animation of reconstructed faces. The model and code are publicly available at https://deca.is.tue.mpg.de.",single image relighting inverse rendering,retain,illumination
https://openalex.org/W2136748901,Deriving intrinsic images from image sequences,2002,https://doi.org/10.1109/iccv.2001.937606,https://doi.org/10.1109/iccv.2001.937606,585,"Intrinsic images are a useful midlevel description of scenes proposed by H.G. Barrow and J.M. Tenenbaum (1978). An image is de-composed into two images: a reflectance image and an illumination image. Finding such a decomposition remains a difficult problem in computer vision. We focus on a slightly, easier problem: given a sequence of T images where the reflectance is constant and the illumination changes, can we recover T illumination images and a single reflectance image? We show that this problem is still imposed and suggest approaching it as a maximum-likelihood estimation problem. Following recent work on the statistics of natural images, we use a prior that assumes that illumination images will give rise to sparse filter outputs. We show that this leads to a simple, novel algorithm for recovering reflectance images. We illustrate the algorithm's performance on real and synthetic image sequences.",intrinsic image decomposition reflectance illumination,retain,"illumination, intrinsic, reflectance"
https://openalex.org/W1974989605,REVIEW: Reducing the ecological consequences of night‐time light pollution: options and developments,2012,https://doi.org/10.1111/j.1365-2664.2012.02212.x,https://doi.org/10.1111/j.1365-2664.2012.02212.x,515,"1. Much concern has been expressed about the ecological consequences of night-time light pollution. This concern is most often focused on the encroachment of artificial light into previously unlit areas of the night-time environment, but changes in the spectral composition, duration and spatial pattern of light are also recognized as having ecological effects.2. Here, we examine the potential consequences for organisms of five management options to reduce night-time light pollution. These are to (i) prevent areas from being artificially lit; (ii) limit the duration of lighting; (iii) reduce the 'trespass' of lighting into areas that are not intended to be lit (including the night sky); (iv) change the intensity of lighting; and (v) change the spectral composition of lighting.3. Maintaining and increasing natural unlit areas is likely to be the most effective option for reducing the ecological effects of lighting. However, this will often conflict with other social and economic objectives. Decreasing the duration of lighting will reduce energy costs and carbon emissions, but is unlikely to alleviate many impacts on nocturnal and crepuscular animals, as peak times of demand for lighting frequently coincide with those in the activities of these species. Reducing the trespass of lighting will maintain heterogeneity even in otherwise well-lit areas, providing dark refuges that mobile animals can exploit. Decreasing the intensity of lighting will reduce energy consumption and limit both skyglow and the area impacted by high-intensity direct light. Shifts towards 'whiter' light are likely to increase the potential range of environmental impacts as light is emitted across a broader range of wavelengths.4.Synthesis and applications. The artificial lightscape will change considerably over coming decades with the drive for more cost-effective low-carbon street lighting solutions and growth in the artificially lit area. Developing lighting strategies that minimize adverse ecological impacts while balancing the often conflicting requirements of light for human utility, comfort and safety, aesthetic concerns, energy consumption and carbon emission reduction constitute significant future challenges. However, as both lighting technology and understanding of its ecological effects develop, there is potential to identify adaptive solutions that resolve these conflicts.",night image synthesis camera noise glare reflection,retain,night
https://openalex.org/W2115217762,The biological impacts of artificial light at night: the research challenge,2015,https://doi.org/10.1098/rstb.2014.0133,https://doi.org/10.1098/rstb.2014.0133,514,(Uploaded by Plazi for the Bat Literature Project) No abstract provided.,day night image translation,retain,night
https://openalex.org/W3199334903,Low-Light Image Enhancement with Normalizing Flow,2022,https://doi.org/10.1609/aaai.v36i3.20162,https://doi.org/10.1609/aaai.v36i3.20162,490,"To enhance low-light images to normally-exposed ones is highly ill-posed, namely that the mapping relationship between them is one-to-many. Previous works based on the pixel-wise reconstruction losses and deterministic processes fail to capture the complex conditional distribution of normally exposed images, which results in improper brightness, residual noise, and artifacts. In this paper, we investigate to model this one-to-many relationship via a proposed normalizing flow model. An invertible network that takes the low-light images/features as the condition and learns to map the distribution of normally exposed images into a Gaussian distribution. In this way, the conditional distribution of the normally exposed images can be well modeled, and the enhancement process, i.e., the other inference direction of the invertible network, is equivalent to being constrained by a loss function that better describes the manifold structure of natural images during the training. The experimental results on the existing benchmark datasets show our method achieves better quantitative and qualitative results, obtaining better-exposed illumination, less noise and artifact, and richer colors.",intrinsic image decomposition reflectance illumination,retain,"illumination, noise, low-light"
https://openalex.org/W2017622341,Inverse global illumination,1999,https://doi.org/10.1145/311535.311559,https://doi.org/10.1145/311535.311559,425,"In this paper we present a method for recovering the reflectance properties of all surfaces in a real scene from a sparse set of photographs, taking into account both direct and indirect illumination. The result is a lighting-independent model of the scene's geometry and reflectance properties, which can be rendered with arbitrary modifications to structure and lighting via traditional rendering methods. Our technique models reflectance with a lowparameter reflectance model, and allows diffuse albedo to vary arbitrarily over surfaces while assuming that non-diffuse characteristics remain constant across particular regions. The method's input is a geometric model of the scene and a set of calibrated high dynamic range photographs taken with known direct illumination. The algorithm hierarchically partitions the scene into a polygonal mesh, and uses image-based rendering to construct estimates of both the radiance and irradiance of each patch from the photographic data. The algorithm computes the expected location of specular highlights, and then analyzes the highlight areas in the images by running a novel iterative optimization procedure to recover the diffuse and specular reflectance parameters for each region. Lastly, these parameters are used in constructing high-resolution diffuse albedo maps for each surface.",single image relighting inverse rendering,retain,"illumination, reflectance"
https://openalex.org/W2740621908,"Health consequences of electric lighting practices in the modern world: A report on the National Toxicology Program's workshop on shift work at night, artificial light at night, and circadian disruption",2017,https://doi.org/10.1016/j.scitotenv.2017.07.056,https://doi.org/10.1016/j.scitotenv.2017.07.056,412,,day night image translation,retain,night
https://openalex.org/W2076491823,Intrinsic images in the wild,2014,https://doi.org/10.1145/2601097.2601206,https://doi.org/10.1145/2601097.2601206,409,"Intrinsic image decomposition separates an image into a reflectance layer and a shading layer. Automatic intrinsic image decomposition remains a significant challenge, particularly for real-world scenes. Advances on this longstanding problem have been spurred by public datasets of ground truth data, such as the MIT Intrinsic Images dataset. However, the difficulty of acquiring ground truth data has meant that such datasets cover a small range of materials and objects. In contrast, real-world scenes contain a rich range of shapes and materials, lit by complex illumination. In this paper we introduce Intrinsic Images in the Wild , a large-scale, public dataset for evaluating intrinsic image decompositions of indoor scenes. We create this benchmark through millions of crowdsourced annotations of relative comparisons of material properties at pairs of points in each scene. Crowdsourcing enables a scalable approach to acquiring a large database, and uses the ability of humans to judge material comparisons, despite variations in illumination. Given our database, we develop a dense CRF-based intrinsic image algorithm for images in the wild that outperforms a range of state-of-the-art intrinsic image algorithms. Intrinsic image decomposition remains a challenging problem; we release our code and database publicly to support future research on this problem, available online at http://intrinsic.cs.cornell.edu/.",intrinsic image decomposition reflectance illumination,retain,"illumination, intrinsic, reflectance"
https://openalex.org/W2897772063,The impact of artificial light at night on nocturnal insects: A review and synthesis,2018,https://doi.org/10.1002/ece3.4557,https://doi.org/10.1002/ece3.4557,397,"In recent decades, advances in lighting technology have precipitated exponential increases in night sky brightness worldwide, raising concerns in the scientific community about the impact of artificial light at night (ALAN) on crepuscular and nocturnal biodiversity. Long-term records show that insect abundance has declined significantly over this time, with worrying implications for terrestrial ecosystems. The majority of investigations into the vulnerability of nocturnal insects to artificial light have focused on the flight-to-light behavior exhibited by select insect families. However, ALAN can affect insects in other ways as well. This review proposes five categories of ALAN impact on nocturnal insects, highlighting past research and identifying key knowledge gaps. We conclude with a summary of relevant literature on bioluminescent fireflies, which emphasizes the unique vulnerability of terrestrial light-based communication systems to artificial illumination. Comprehensive understanding of the ecological impacts of ALAN on diverse nocturnal insect taxa will enable researchers to seek out methods whereby fireflies, moths, and other essential members of the nocturnal ecosystem can coexist with humans on an increasingly urbanized planet.",day night image translation,retain,"night, illumination"
https://openalex.org/W3120305566,A simple and effective F0 knockout method for rapid screening of behaviour and other complex phenotypes,2021,https://doi.org/10.7554/elife.59683,https://doi.org/10.7554/elife.59683,376,"Hundreds of human genes are associated with neurological diseases, but translation into tractable biological mechanisms is lagging. Larval zebrafish are an attractive model to investigate genetic contributions to neurological diseases. However, current CRISPR-Cas9 methods are difficult to apply to large genetic screens studying behavioural phenotypes. To facilitate rapid genetic screening, we developed a simple sequencing-free tool to validate gRNAs and a highly effective CRISPR-Cas9 method capable of converting >90% of injected embryos directly into F0 biallelic knockouts. We demonstrate that F0 knockouts reliably recapitulate complex mutant phenotypes, such as altered molecular rhythms of the circadian clock, escape responses to irritants, and multi-parameter day-night locomotor behaviours. The technique is sufficiently robust to knockout multiple genes in the same animal, for example to create the transparent triple knockout crystal fish for imaging. Our F0 knockout method cuts the experimental time from gene to behavioural phenotype in zebrafish from months to one week.",day night image translation,retain,"night, translation"
https://openalex.org/W2114311046,Confocal absorption spectral imaging of MoS 2 : optical transitions depending on the atomic thickness of intrinsic and chemically doped MoS 2,2014,https://doi.org/10.1039/c4nr03703k,https://doi.org/10.1039/c4nr03703k,373,"We performed a nanoscale confocal absorption spectral imaging to obtain the full absorption spectra (over the range 1.5-3.2 eV) within regions having different numbers of layers and studied the variation of optical transition depending on the atomic thickness of the MoS2 film. Three distinct absorption bands corresponding to A and B excitons and a high-energy background (BG) peak at 2.84 eV displayed a gradual redshift as the MoS2 film thickness increased from the monolayer, to the bilayer, to the bulk MoS2 and this shift was attributed to the reduction of the gap energy in the Brillouin zone at the K-point as the atomic thickness increased. We also performed n-type chemical doping of MoS2 films using reduced benzyl viologen (BV) and the confocal absorption spectra modified by the doping showed a strong dependence on the atomic thickness: A and B exciton peaks were greatly quenched in the monolayer MoS2 while much less effect was shown in larger thickness and the BG peak either showed very small quenching for 1 L MoS2 or remained constant for larger thicknesses. Our results indicate that confocal absorption spectral imaging can provide comprehensive information on optical transitions of microscopic size intrinsic and doped two-dimensional layered materials.",intrinsic image decomposition reflectance illumination,retain,intrinsic
https://openalex.org/W3160309540,All-day fresh water harvesting by microstructured hydrogel membranes,2021,https://doi.org/10.1038/s41467-021-23174-0,https://doi.org/10.1038/s41467-021-23174-0,338,"Abstract Solar steam water purification and fog collection are two independent processes that could enable abundant fresh water generation. We developed a hydrogel membrane that contains hierarchical three-dimensional microstructures with high surface area that combines both functions and serves as an all-day fresh water harvester. At night, the hydrogel membrane efficiently captures fog droplets and directionally transports them to a storage vessel. During the daytime, it acts as an interfacial solar steam generator and achieves a high evaporation rate of 3.64 kg m−2 h−1 under 1 sun enabled by improved thermal/vapor flow management. With a homemade rooftop water harvesting system, this hydrogel membrane can produce fresh water with a daily yield of ~34 L m−2 in an outdoor test, which demonstrates its potential for global water scarcity relief.",day night image translation,retain,night
https://openalex.org/W2608015370,DualGAN: Unsupervised Dual Learning for Image-to-Image Translation,2017,https://doi.org/10.48550/arxiv.1704.02510,http://arxiv.org/abs/1704.02510,311,"Conditional Generative Adversarial Networks (GANs) for cross-domain image-to-image translation have made much progress recently. Depending on the task complexity, thousands to millions of labeled image pairs are needed to train a conditional GAN. However, human labeling is expensive, even impractical, and large quantities of data may not always be available. Inspired by dual learning from natural language translation, we develop a novel dual-GAN mechanism, which enables image translators to be trained from two sets of unlabeled images from two domains. In our architecture, the primal GAN learns to translate images from domain U to those in domain V, while the dual GAN learns to invert the task. The closed loop made by the primal and dual tasks allows images from either domain to be translated and then reconstructed. Hence a loss function that accounts for the reconstruction error of images can be used to train the translators. Experiments on multiple image translation tasks with unlabeled data show considerable performance gain of DualGAN over a single GAN. For some tasks, DualGAN can even achieve comparable or slightly better results than conditional GAN trained on fully labeled data.",day night image translation | unpaired image translation structure preservation,retain,translation
https://openalex.org/W4200313684,NeRFactor,2021,https://doi.org/10.1145/3478513.3480496,https://doi.org/10.1145/3478513.3480496,305,"We address the problem of recovering the shape and spatially-varying reflectance of an object from multi-view images (and their camera poses) of an object illuminated by one unknown lighting condition. This enables the rendering of novel views of the object under arbitrary environment lighting and editing of the object's material properties. The key to our approach, which we call Neural Radiance Factorization (NeRFactor), is to distill the volumetric geometry of a Neural Radiance Field (NeRF) [Mildenhall et al. 2020] representation of the object into a surface representation and then jointly refine the geometry while solving for the spatially-varying reflectance and environment lighting. Specifically, NeRFactor recovers 3D neural fields of surface normals, light visibility, albedo, and Bidirectional Reflectance Distribution Functions (BRDFs) without any supervision, using only a re-rendering loss, simple smoothness priors, and a data-driven BRDF prior learned from real-world BRDF measurements. By explicitly modeling light visibility, NeRFactor is able to separate shadows from albedo and synthesize realistic soft or hard shadows under arbitrary lighting conditions. NeRFactor is able to recover convincing 3D models for free-viewpoint relighting in this challenging and underconstrained capture setup for both synthetic and real scenes. Qualitative and quantitative experiments show that NeRFactor outperforms classic and deep learning-based state of the art across various tasks. Our videos, code, and data are available at people.csail.mit.edu/xiuming/projects/nerfactor/.",single image relighting inverse rendering,retain,"relight, reflectance"
https://openalex.org/W2797650215,Multimodal Unsupervised Image-to-Image Translation,2018,https://doi.org/10.48550/arxiv.1804.04732,http://arxiv.org/abs/1804.04732,297,"Unsupervised image-to-image translation is an important and challenging problem in computer vision. Given an image in the source domain, the goal is to learn the conditional distribution of corresponding images in the target domain, without seeing any pairs of corresponding images. While this conditional distribution is inherently multimodal, existing approaches make an overly simplified assumption, modeling it as a deterministic one-to-one mapping. As a result, they fail to generate diverse outputs from a given source domain image. To address this limitation, we propose a Multimodal Unsupervised Image-to-image Translation (MUNIT) framework. We assume that the image representation can be decomposed into a content code that is domain-invariant, and a style code that captures domain-specific properties. To translate an image to another domain, we recombine its content code with a random style code sampled from the style space of the target domain. We analyze the proposed framework and establish several theoretical results. Extensive experiments with comparisons to the state-of-the-art approaches further demonstrates the advantage of the proposed framework. Moreover, our framework allows users to control the style of translation outputs by providing an example style image. Code and pretrained models are available at https://github.com/nvlabs/MUNIT",day night image translation,retain,translation
https://openalex.org/W2593271907,Clinical quantitative susceptibility mapping (QSM): Biometal imaging and its emerging roles in patient care,2017,https://doi.org/10.1002/jmri.25693,https://doi.org/10.1002/jmri.25693,285,"Quantitative susceptibility mapping (QSM) has enabled magnetic resonance imaging (MRI) of tissue magnetic susceptibility to advance from simple qualitative detection of hypointense blooming artifacts to precise quantitative measurement of spatial biodistributions. QSM technology may be regarded to be sufficiently developed and validated to warrant wide dissemination for clinical applications of imaging isotropic susceptibility, which is dominated by metals in tissue, including iron and calcium. These biometals are highly regulated as vital participants in normal cellular biochemistry, and their dysregulations are manifested in a variety of pathologic processes. Therefore, QSM can be used to assess important tissue functions and disease. To facilitate QSM clinical translation, this review aims to organize pertinent information for implementing a robust automated QSM technique in routine MRI practice and to summarize available knowledge on diseases for which QSM can be used to improve patient care. In brief, QSM can be generated with postprocessing whenever gradient echo MRI is performed. QSM can be useful for diseases that involve neurodegeneration, inflammation, hemorrhage, abnormal oxygen consumption, substantial alterations in highly paramagnetic cellular iron, bone mineralization, or pathologic calcification; and for all disorders in which MRI diagnosis or surveillance requires contrast agent injection. Clinicians may consider integrating QSM into their routine imaging practices by including gradient echo sequences in all relevant MRI protocols. LEVEL OF EVIDENCE: 1 Technical Efficacy: Stage 5 J. Magn. Reson. Imaging 2017;46:951-971.",unpaired image translation structure preservation,retain,translation
https://openalex.org/W2811490555,Single-image SVBRDF capture with a rendering-aware deep network,2018,https://doi.org/10.1145/3197517.3201378,https://doi.org/10.1145/3197517.3201378,277,"Texture, highlights, and shading are some of many visual cues that allow humans to perceive material appearance in single pictures. Yet, recovering spatially-varying bi-directional reflectance distribution functions (SVBRDFs) from a single image based on such cues has challenged researchers in computer graphics for decades. We tackle lightweight appearance capture by training a deep neural network to automatically extract and make sense of these visual cues. Once trained, our network is capable of recovering per-pixel normal, diffuse albedo, specular albedo and specular roughness from a single picture of a flat surface lit by a hand-held flash. We achieve this goal by introducing several innovations on training data acquisition and network design. For training, we leverage a large dataset of artist-created, procedural SVBRDFs which we sample and render under multiple lighting directions. We further amplify the data by material mixing to cover a wide diversity of shading effects, which allows our network to work across many material classes. Motivated by the observation that distant regions of a material sample often offer complementary visual cues, we design a network that combines an encoder-decoder convolutional track for local feature extraction with a fully-connected track for global feature extraction and propagation. Many important material effects are view-dependent, and as such ambiguous when observed in a single image. We tackle this challenge by defining the loss as a differentiable SVBRDF similarity metric that compares the renderings of the predicted maps against renderings of the ground truth from several lighting and viewing directions. Combined together, these novel ingredients bring clear improvement over state of the art methods for single-shot capture of spatially varying BRDFs.",single image relighting inverse rendering,retain,reflectance
https://openalex.org/W2013203541,Remote Sensing of Forest Biophysical Structure Using Mixture Decomposition and Geometric Reflectance Models,1995,https://doi.org/10.2307/2269350,https://doi.org/10.2307/2269350,262,"Using geometric shadow and linear mixture models we develop and evaluate an algorithm to infer several important structural parameters of stands of black spruce (Picea mariana), the most common boreal forest dominant. We show, first, that stand reflectances for this species can be represented as linear combinations of the reflectances of more elemental radiometric components: sunlit crowns, sunlit background, and shadow. Secondly, using a geometric model, we calculate how the fractions of these radiometric elements covary with each other. Then, using hand‐held measurements of the reflectances of the sunlit background, sphagnum moss (Sphagnum spp.), and assuming shadow reflectance to be that of deep, clear lakes, we infer the reflectance of sunlit crowns from the geometric shadow model and low‐altitude reflectance measurements acquired by a helicopter‐mounted radiometer. Next, we assume that the reflectance for all black spruce stands is simply a linear combination of shadow, sunlit crown, and sunlit background reflectance, weighted in proportion to the relative areal fractions of these pixel elements. We then solve a set of linear equations for the areal fractions of these elements using as input helicopter observations of total stand reflectance. Using this algorithm, we infer the values for the areal proportions of sunlit canopy, sunlit background, and shadow for 31 black spruce stands of varying biomass density, net primary productivity, etc. We show empirically and theoretically that the areal proportions of these radiometric elements are related to a number of stand biophysical characteristics. Specifically, the shadow fraction is increasing with increasing biomass density, average diameter at breast height, leaf area index (LAI), and aboveground net primary productivity (NPP), while sunlit background fraction is decreasing. We show that the end member fractions can be used to estimate biomass with a standard error of ≈ 2 kg/m2, LAI with a standard error of 0.58, dbh with a standard error of ≈ 2 cm, and aboveground NPP with a standard error of 0.07 kg·m‐2·yr‐1. We also show that the fraction of sunlit canopy is only weakly correlated with the biophysical variables and are thus able to show why a popular vegetation index, Normalized Difference Vegetation Index (NDVI), does not provide a useful measure of these biophysical characteristics. We do show, however, that NDVI should be related to the fraction of photosynthetically active radiation incident upon and absorbed by the canopy. This work has convinced us that a paradigm shift in the remote sensing of biophysical characteristics is in order–a shift away from direct inference of biophysical characteristics from vegetation indices and toward a two‐step process, in which (1) stand‐level reflectance is approximated in terms of linear combinations of reflectance‐invariant, spectrally distinct components (spectral end members) and mixture decomposition used to infer the areal fractions of these components, e.g., shadow, sunlit crown, and sunlit background, followed by (2) the use of radiative transfer models to compute biophysical characteristic values as a function of the end member fractions.",intrinsic image decomposition reflectance illumination,retain,reflectance
https://openalex.org/W2974180492,The relightables,2019,https://doi.org/10.1145/3355089.3356571,https://doi.org/10.1145/3355089.3356571,245,"We present ""The Relightables"", a volumetric capture system for photorealistic and high quality relightable full-body performance capture. While significant progress has been made on volumetric capture systems, focusing on 3D geometric reconstruction with high resolution textures, much less work has been done to recover photometric properties needed for relighting. Results from such systems lack high-frequency details and the subject's shading is prebaked into the texture. In contrast, a large body of work has addressed relightable acquisition for image-based approaches, which photograph the subject under a set of basis lighting conditions and recombine the images to show the subject as they would appear in a target lighting environment. However, to date, these approaches have not been adapted for use in the context of a high-resolution volumetric capture system. Our method combines this ability to realistically relight humans for arbitrary environments, with the benefits of free-viewpoint volumetric capture and new levels of geometric accuracy for dynamic performances. Our subjects are recorded inside a custom geodesic sphere outfitted with 331 custom color LED lights, an array of high-resolution cameras, and a set of custom high-resolution depth sensors. Our system innovates in multiple areas: First, we designed a novel active depth sensor to capture 12.4 MP depth maps, which we describe in detail. Second, we show how to design a hybrid geometric and machine learning reconstruction pipeline to process the high resolution input and output a volumetric video. Third, we generate temporally consistent reflectance maps for dynamic performers by leveraging the information contained in two alternating color gradient illumination images acquired at 60Hz. Multiple experiments, comparisons, and applications show that The Relightables significantly improves upon the level of realism in placing volumetrically captured human performances into arbitrary CG scenes.",single image relighting inverse rendering,retain,"relight, illumination, reflectance"
https://openalex.org/W2985680131,Deep Single-Image Portrait Relighting,2019,https://doi.org/10.1109/iccv.2019.00729,https://doi.org/10.1109/iccv.2019.00729,220,"Conventional physically-based methods for relighting portrait images need to solve an inverse rendering problem, estimating face geometry, reflectance and lighting. However, the inaccurate estimation of face components can cause strong artifacts in relighting, leading to unsatisfactory results. In this work, we apply a physically-based portrait relighting method to generate a large scale, high quality, “in the wild” portrait relighting dataset (DPR). A deep Convolutional Neural Network (CNN) is then trained using this dataset to generate a relit portrait image by using a source image and a target lighting as input. The training procedure regularizes the generated results, removing the artifacts caused by physically-based relighting methods. A GAN loss is further applied to improve the quality of the relit portrait image. Our trained network can relight portrait images with resolutions as high as 1024 × 1024. We evaluate the proposed method on the proposed DPR datset, Flickr portrait dataset and Multi-PIE dataset both qualitatively and quantitatively. Our experiments demonstrate that the proposed method achieves state-of-the-art results. Please refer to https://zhhoper.github.io/dpr.html for dataset and code.",single image relighting inverse rendering,retain,"relight, reflectance, inverse render"
https://openalex.org/W1989590628,Two methods for display of high contrast images,1999,https://doi.org/10.1145/300776.300783,https://doi.org/10.1145/300776.300783,220,"High contrast images are common in night scenes and other scenes that include dark shadows and bright light sources. These scenes are difficult to display because their contrasts greatly exceed the range of most display devices for images. As a result, the image constrasts are compressed or truncated, obscuring subtle textures and details. Humans view and understand high contrast scenes easily, “adapting” their visual response to avoid compression or truncation with no apparent loss of detail. By imitating some of these visual adaptation processes, we developed methods for the improved display of high-contrast images. The first builds a display image from several layers of lighting and surface properties. Only the lighting layers are compressed, drastically reducing contrast while preserving much of the image detail. This method is practical only for synthetic images where the layers can be retained from the rendering process. The second method interactively adjusts the displayed image to preserve local contrasts in a small “foveal” neighborhood. Unlike the first method, this technique is usable on any image and includes a new tone reproduction operator. Both methods use a sigmoid function for contrast compression. This function has no effect when applied to small signals but compresses large signals to fit within an asymptotic limit. We demonstrate the effectiveness of these approaches by comparing processed and unprocessed images.",night image synthesis camera noise glare reflection | single image relighting inverse rendering,retain,night
https://openalex.org/W3091618893,Structure and Illumination Constrained GAN for Medical Image Enhancement,2021,https://doi.org/10.1109/tmi.2021.3101937,https://doi.org/10.1109/tmi.2021.3101937,219,"The development of medical imaging techniques has greatly supported clinical decision making. However, poor imaging quality, such as non-uniform illumination or imbalanced intensity, brings challenges for automated screening, analysis and diagnosis of diseases. Previously, bi-directional GANs (e.g., CycleGAN), have been proposed to improve the quality of input images without the requirement of paired images. However, these methods focus on global appearance, without imposing constraints on structure or illumination, which are essential features for medical image interpretation. In this paper, we propose a novel and versatile bi-directional GAN, named Structure and illumination constrained GAN (StillGAN), for medical image quality enhancement. Our StillGAN treats low- and high-quality images as two distinct domains, and introduces local structure and illumination constraints for learning both overall characteristics and local details. Extensive experiments on three medical image datasets (e.g., corneal confocal microscopy, retinal color fundus and endoscopy images) demonstrate that our method performs better than both conventional methods and other deep learning-based methods. In addition, we have investigated the impact of the proposed method on different medical image analysis and clinical tasks such as nerve segmentation, tortuosity grading, fovea localization and disease classification.",unpaired image translation structure preservation,retain,illumination
https://openalex.org/W4308055694,Deep Learning for Image Enhancement and Correction in Magnetic Resonance Imaging—State-of-the-Art and Challenges,2022,https://doi.org/10.1007/s10278-022-00721-9,https://doi.org/10.1007/s10278-022-00721-9,215,"Magnetic resonance imaging (MRI) provides excellent soft-tissue contrast for clinical diagnoses and research which underpin many recent breakthroughs in medicine and biology. The post-processing of reconstructed MR images is often automated for incorporation into MRI scanners by the manufacturers and increasingly plays a critical role in the final image quality for clinical reporting and interpretation. For image enhancement and correction, the post-processing steps include noise reduction, image artefact correction, and image resolution improvements. With the recent success of deep learning in many research fields, there is great potential to apply deep learning for MR image enhancement, and recent publications have demonstrated promising results. Motivated by the rapidly growing literature in this area, in this review paper, we provide a comprehensive overview of deep learning-based methods for post-processing MR images to enhance image quality and correct image artefacts. We aim to provide researchers in MRI or other research fields, including computer vision and image processing, a literature survey of deep learning approaches for MR image enhancement. We discuss the current limitations of the application of artificial intelligence in MRI and highlight possible directions for future developments. In the era of deep learning, we highlight the importance of a critical appraisal of the explanatory information provided and the generalizability of deep learning algorithms in medical imaging.",unpaired image translation structure preservation,retain,noise
https://openalex.org/W2127741730,Road traffic casualties: understanding the night-time death toll,2006,https://doi.org/10.1136/ip.2005.011056,https://doi.org/10.1136/ip.2005.011056,213,"A disproportionate number of fatal injuries occur after dark. The paper presents some statistics of road traffic injuries in a novel way which suggests that low luminance plays a major role in this effect. A sound physiological explanation for this is advanced based on the poor temporal characteristics of rod photoreceptors. It is argued that processing information based on low luminance, low contrast targets is much slower than that for high contrast bright targets. To test the idea, simple visual reaction times were measured under typical low visibility conditions encountered on non-lit roads and were found to be substantially longer than under optimal conditions. It is shown that longer reaction times translate into significantly increased stopping distances. This important point has received insufficient attention in the road safety literature, by the Highways Agency, the police, injury prevention officials, and the UK Highway Code.",day night image translation,retain,night
https://openalex.org/W2294980445,Intrinsic colorization,2008,https://doi.org/10.1145/1409060.1409105,https://doi.org/10.1145/1409060.1409105,198,"In this paper, we present an example-based colorization technique robust to illumination differences between grayscale target and color reference images. To achieve this goal, our method performs color transfer in an illumination-independent domain that is relatively free of shadows and highlights. It first recovers an illumination-independent intrinsic reflectance image of the target scene from multiple color references obtained by web search. The reference images from the web search may be taken from different vantage points, under different illumination conditions, and with different cameras. Grayscale versions of these reference images are then used in decomposing the grayscale target image into its intrinsic reflectance and illumination components. We transfer color from the color reflectance image to the grayscale reflectance image, and obtain the final result by relighting with the illumination component of the target image. We demonstrate via several examples that our method generates results with excellent color consistency.",intrinsic image decomposition reflectance illumination,retain,"relight, illumination, intrinsic, reflectance"
https://openalex.org/W2003706019,Inverse Rendering of Faces with a 3D Morphable Model,2012,https://doi.org/10.1109/tpami.2012.206,https://doi.org/10.1109/tpami.2012.206,196,"In this paper, we present a complete framework to inverse render faces with a 3D Morphable Model (3DMM). By decomposing the image formation process into geometric and photometric parts, we are able to state the problem as a multilinear system which can be solved accurately and efficiently. As we treat each contribution as independent, the objective function is convex in the parameters and a global solution is guaranteed. We start by recovering 3D shape using a novel algorithm which incorporates generalization error of the model obtained from empirical measurements. We then describe two methods to recover facial texture, diffuse lighting, specular reflectance, and camera properties from a single image. The methods make increasingly weak assumptions and can be solved in a linear fashion. We evaluate our findings on a publicly available database, where we are able to outperform an existing state-of-the-art algorithm. We demonstrate the usability of the recovered parameters in a recognition experiment conducted on the CMU-PIE database.",single image relighting inverse rendering,retain,"reflectance, inverse render"
https://openalex.org/W1850115818,Suomi NPP VIIRS day‐night band on‐orbit performance,2013,https://doi.org/10.1002/2013jd020475,https://doi.org/10.1002/2013jd020475,186,"Abstract The Suomi National Polar‐Orbiting Partnership (NPP) launched on 28 October 2011 hosts the Visible Infrared Imaging Radiometer Suite (VIIRS) sensor. The VIIRS sensor includes a day‐night band (DNB) that covers almost 7 orders of magnitude in its dynamic range from full sunlit scenes to lunar‐illuminated clouds. The DNB is panchromatic and covers the wavelengths from 500 nm to 900 nm. Since launch, extensive effort has gone into its characterization. We have shown that the DNB is performing extremely well, meeting most of its specifications with some minor exceedances. The DNB characteristics evaluated include the following: sampling and resolution across the swath, geolocation uncertainty, radiometric sensitivity, radiometric uncertainty, and stray light. The only significant deviation from specification involves the stray light specification. On‐orbit, the characterization shows that the DNB suffers stray light level on the order of 100% Lmin or 3 × 10−9 W∙cm−2∙sr−1. After algorithmic correction, the residual radiometric error was reduced to approximately 4.5 × 10−10 W∙cm−2∙sr−1.",day night image translation,retain,night
https://openalex.org/W2885192629,DRIT++: Diverse Image-to-Image Translation via Disentangled Representations,2019,https://doi.org/10.48550/arxiv.1905.01270,http://arxiv.org/abs/1905.01270,185,"Image-to-image translation aims to learn the mapping between two visual domains. There are two main challenges for this task: 1) lack of aligned training pairs and 2) multiple possible outputs from a single input image. In this work, we present an approach based on disentangled representation for generating diverse outputs without paired training images. To synthesize diverse outputs, we propose to embed images onto two spaces: a domain-invariant content space capturing shared information across domains and a domain-specific attribute space. Our model takes the encoded content features extracted from a given input and attribute vectors sampled from the attribute space to synthesize diverse outputs at test time. To handle unpaired training data, we introduce a cross-cycle consistency loss based on disentangled representations. Qualitative results show that our model can generate diverse and realistic images on a wide range of tasks without paired training data. For quantitative evaluations, we measure realism with user study and Fréchet inception distance, and measure diversity with the perceptual distance metric, Jensen-Shannon divergence, and number of statistically-different bins.",day night image translation,retain,translation
https://openalex.org/W4313576996,Infrared and Visible Image Fusion Technology and Application: A Review,2023,https://doi.org/10.3390/s23020599,https://doi.org/10.3390/s23020599,185,"The images acquired by a single visible light sensor are very susceptible to light conditions, weather changes, and other factors, while the images acquired by a single infrared light sensor generally have poor resolution, low contrast, low signal-to-noise ratio, and blurred visual effects. The fusion of visible and infrared light can avoid the disadvantages of two single sensors and, in fusing the advantages of both sensors, significantly improve the quality of the images. The fusion of infrared and visible images is widely used in agriculture, industry, medicine, and other fields. In this study, firstly, the architecture of mainstream infrared and visible image fusion technology and application was reviewed; secondly, the application status in robot vision, medical imaging, agricultural remote sensing, and industrial defect detection fields was discussed; thirdly, the evaluation indicators of the main image fusion methods were combined into the subjective evaluation and the objective evaluation, the properties of current mainstream technologies were then specifically analyzed and compared, and the outlook for image fusion was assessed; finally, infrared and visible image fusion was summarized. The results show that the definition and efficiency of the fused infrared and visible image had been improved significantly. However, there were still some problems, such as the poor accuracy of the fused image, and irretrievably lost pixels. There is a need to improve the adaptive design of the traditional algorithm parameters, to combine the innovation of the fusion algorithm and the optimization of the neural network, so as to further improve the image fusion accuracy, reduce noise interference, and improve the real-time performance of the algorithm.",unpaired image translation structure preservation,retain,noise
https://openalex.org/W2890298899,"Light, Alertness, and Alerting Effects of White Light: A Literature Overview",2018,https://doi.org/10.1177/0748730418796443,https://doi.org/10.1177/0748730418796443,180,"Light is known to elicit non-image-forming responses, such as effects on alertness. This has been reported especially during light exposure at night. Nighttime results might not be translatable to the day. This article aims to provide an overview of (1) neural mechanisms regulating alertness, (2) ways of measuring and quantifying alertness, and (3) the current literature specifically regarding effects of different intensities of white light on various measures and correlates of alertness during the daytime. In general, the present literature provides inconclusive results on alerting effects of the intensity of white light during daytime, particularly for objective measures and correlates of alertness. However, the various research paradigms employed in earlier studies differed substantially, and most studies tested only a limited set of lighting conditions. Therefore, the alerting potential of exposure to more intense white light should be investigated in a systematic, dose-dependent manner with multiple correlates of alertness and within one experimental paradigm over the course of day.",day night image translation,retain,night
https://openalex.org/W2971888276,SAR-to-Optical Image Translation Using Supervised Cycle-Consistent Adversarial Networks,2019,https://doi.org/10.1109/access.2019.2939649,https://doi.org/10.1109/access.2019.2939649,176,"Optical remote sensing (RS) data suffer from the limitation of bad weather and cloud contamination, whereas synthetic aperture radar (SAR) can work under all weather conditions and overcome this disadvantage of optical RS data. However, due to the imaging mechanism of SAR and the speckle noise, untrained people are difficult to recognize the land cover types visually from SAR images. Inspired by the excellent image-to-image translation performance of Generative Adversarial Networks (GANs), a supervised Cycle-Consistent Adversarial Network (S-CycleGAN) was proposed to generate large optical images from the SAR images. When the optical RS data are unavailable or partly unavailable, the generated optical images can be alternative data that aid in land cover visual recognition for untrained people. The main steps of SAR-to-optical image translation were as follows. First, the large SAR image was split to small patches. Then S-CycleGAN was used to translate the SAR patches to optical image patches. Finally, the optical image patches were stitched to generate the large optical image. A paired SAR-optical image dataset which covered 32 Chinese cities was published to evaluate the proposed method. The dataset was generated from Sentinel-1 (SEN-1) SAR images and Sentinel-2 (SEN-2) multi-spectral images. S-CycleGAN was applied to two experiments, which were SAR-to-optical image translation and cloud removal, and the results showed that S-CycleGAN could keep both the land cover and structure information well, and its performance was superior to some famous image-to-image translation models.",day night image translation,retain,"translation, noise"
https://openalex.org/W3000673855,GAN-Based Day-to-Night Image Style Transfer for Nighttime Vehicle Detection,2020,https://doi.org/10.1109/tits.2019.2961679,https://doi.org/10.1109/tits.2019.2961679,167,"Data augmentation plays a crucial role in training a CNN-based detector. Most previous approaches were based on using a combination of general image-processing operations and could only produce limited plausible image variations. Recently, GAN (Generative Adversarial Network) based methods have shown compelling visual results. However, they are prone to fail at preserving image-objects and maintaining translation consistency when faced with large and complex domain shifts, such as day-to-night. In this paper, we propose AugGAN, a GAN-based data augmenter which could transform on-road driving images to a desired domain while image-objects would be well-preserved. The contribution of this work is three-fold: (1) we design a structure-aware unpaired image-to-image translation network which learns the latent data transformation across different domains while artifacts in the transformed images are greatly reduced; (2) we quantitatively prove that the domain adaptation capability of a vehicle detector is not limited by its training data; (3) our object-preserving network provides significant performance gain in the difficult day-to-night case in terms of vehicle detection. AugGAN could generate more visually plausible images compared to competing methods on different on-road image translation tasks across domains. In addition, we quantitatively evaluate different methods by training Faster R-CNN and YOLO with datasets generated from the transformed results and demonstrate significant improvement on the object detection accuracies by using the proposed AugGAN model.",day night image translation,retain,"night, translation"
https://openalex.org/W4294993033,Deep learning-based robust positioning for all-weather autonomous driving,2022,https://doi.org/10.1038/s42256-022-00520-5,https://doi.org/10.1038/s42256-022-00520-5,158,"Interest in autonomous vehicles (AVs) is growing at a rapid pace due to increased convenience, safety benefits and potential environmental gains. Although several leading AV companies predicted that AVs would be on the road by 2020, they are still limited to relatively small-scale trials. The ability to know their precise location on the map is a challenging prerequisite for safe and reliable AVs due to sensor imperfections under adverse environmental and weather conditions, posing a formidable obstacle to their widespread use. Here we propose a deep learning-based self-supervised approach for ego-motion estimation that is a robust and complementary localization solution under inclement weather conditions. The proposed approach is a geometry-aware method that attentively fuses the rich representation capability of visual sensors and the weather-immune features provided by radars using an attention-based learning technique. Our method predicts reliability masks for the sensor measurements, eliminating the deficiencies in the multimodal data. In various experiments we demonstrate the robust all-weather performance and effective cross-domain generalizability under harsh weather conditions such as rain, fog and snow, as well as day and night conditions. Furthermore, we employ a game-theoretic approach to analyse the interpretability of the model predictions, illustrating the independent and uncorrelated failure modes of the multimodal system. We anticipate our work will bring AVs one step closer to safe and reliable all-weather autonomous driving.",night image synthesis camera noise glare reflection,retain,night
https://openalex.org/W2060850257,Shadow Removal Using Bilateral Filtering,2012,https://doi.org/10.1109/tip.2012.2208976,https://doi.org/10.1109/tip.2012.2208976,152,"In this paper, we propose a simple but effective shadow removal method using a single input image. We first derive a 2-D intrinsic image from a single RGB camera image based solely on colors, particularly chromaticity. We next present a method to recover a 3-D intrinsic image based on bilateral filtering and the 2-D intrinsic image. The luminance contrast in regions with similar surface reflectance due to geometry and illumination variances is effectively reduced in the derived 3-D intrinsic image, while the contrast in regions with different surface reflectance is preserved. However, the intrinsic image contains incorrect luminance values. To obtain the correct luminance, we decompose the input RGB image and the intrinsic image. Each image is decomposed into a base layer and a detail layer. We obtain a shadow-free image by combining the base layer from the input RGB image and the detail layer from the intrinsic image such that the details of the intrinsic image are transferred to the input RGB image from which the correct luminance values can be obtained. Unlike previous methods, the presented technique is fully automatic and does not require shadow detection.",intrinsic image decomposition reflectance illumination,retain,"illumination, intrinsic, reflectance"
https://openalex.org/W1511909101,"Color Constancy, Intrinsic Images, and Shape Estimation",2012,https://doi.org/10.1007/978-3-642-33765-9_5,https://doi.org/10.1007/978-3-642-33765-9_5,144,,intrinsic image decomposition reflectance illumination,retain,intrinsic
https://openalex.org/W2957926190,VR facial animation via multiview image translation,2019,https://doi.org/10.1145/3306346.3323030,https://doi.org/10.1145/3306346.3323030,132,"A key promise of Virtual Reality (VR) is the possibility of remote social interaction that is more immersive than any prior telecommunication media. However, existing social VR experiences are mediated by inauthentic digital representations of the user (i.e., stylized avatars). These stylized representations have limited the adoption of social VR applications in precisely those cases where immersion is most necessary (e.g., professional interactions and intimate conversations). In this work, we present a bidirectional system that can animate avatar heads of both users' full likeness using consumer-friendly headset mounted cameras (HMC). There are two main challenges in doing this: unaccommodating camera views and the image-to-avatar domain gap. We address both challenges by leveraging constraints imposed by multiview geometry to establish precise image-to-avatar correspondence, which are then used to learn an end-to-end model for real-time tracking. We present designs for a training HMC, aimed at data-collection and model building, and a tracking HMC for use during interactions in VR. Correspondence between the avatar and the HMC-acquired images are automatically found through self-supervised multiview image translation, which does not require manual annotation or one-to-one correspondence between domains. We evaluate the system on a variety of users and demonstrate significant improvements over prior work.",unpaired image translation structure preservation,retain,translation
https://openalex.org/W3172619439,High-Resolution Photorealistic Image Translation in Real-Time: A Laplacian Pyramid Translation Network,2021,https://doi.org/10.1109/cvpr46437.2021.00927,https://doi.org/10.1109/cvpr46437.2021.00927,130,"Existing image-to-image translation (I2IT) methods are either constrained to low-resolution images or long inference time due to their heavy computational burden on the convolution of high-resolution feature maps. In this paper, we focus on speeding-up the high-resolution photorealistic I2IT tasks based on closed-form Laplacian pyramid decomposition and reconstruction. Specifically, we reveal that the attribute transformations, such as illumination and color manipulation, relate more to the low-frequency component, while the content details can be adaptively refined on high-frequency components. We consequently propose a Laplacian Pyramid Translation Network (LPTN) to simultaneously perform these two tasks, where we design a lightweight network for translating the low-frequency component with reduced resolution and a progressive masking strategy to efficiently refine the high-frequency ones. Our model avoids most of the heavy computation consumed by processing high-resolution feature maps and faithfully preserves the image details. Extensive experimental results on various tasks demonstrate that the proposed method can translate 4K images in real-time using one normal GPU while achieving comparable transformation performance against existing methods. Datasets and codes are available: https://github.com/csjliang/LPTN.",day night image translation | unpaired image translation structure preservation,retain,"illumination, translation"
https://openalex.org/W2006070214,Intrinsic images using optimization,2011,https://doi.org/10.1109/cvpr.2011.5995507,https://doi.org/10.1109/cvpr.2011.5995507,130,"In this paper, we present a novel intrinsic image recovery approach using optimization. Our approach is based on the assumption of in a local window in natural images. Our method adopts a premise that neighboring pixels in a local window of a single image having similar intensity values should have similar reflectance values. Thus the intrinsic image decomposition is formulated by optimizing an energy function with adding a weighting constraint to the local image properties. In order to improve the intrinsic image extraction results, we specify local constrain cues by integrating the user strokes in our energy formulation, including constant-reflectance, constant-illumination and fixed-illumination brushes. Our experimental results demonstrate that our approach achieves a better recovery of intrinsic reflectance and illumination components than by previous approaches.",intrinsic image decomposition reflectance illumination,retain,"illumination, intrinsic, reflectance"
https://openalex.org/W3045599073,Contrastive Learning for Unpaired Image-to-Image Translation,2020,https://doi.org/10.48550/arxiv.2007.15651,http://arxiv.org/abs/2007.15651,127,"In image-to-image translation, each patch in the output should reflect the content of the corresponding patch in the input, independent of domain. We propose a straightforward method for doing so -- maximizing mutual information between the two, using a framework based on contrastive learning. The method encourages two elements (corresponding patches) to map to a similar point in a learned feature space, relative to other elements (other patches) in the dataset, referred to as negatives. We explore several critical design choices for making contrastive learning effective in the image synthesis setting. Notably, we use a multilayer, patch-based approach, rather than operate on entire images. Furthermore, we draw negatives from within the input image itself, rather than from the rest of the dataset. We demonstrate that our framework enables one-sided translation in the unpaired image-to-image translation setting, while improving quality and reducing training time. In addition, our method can even be extended to the training setting where each ""domain"" is only a single image.",unpaired image translation structure preservation,retain,translation
https://openalex.org/W2612911136,Contrast Enhancement Based on Intrinsic Image Decomposition,2017,https://doi.org/10.1109/tip.2017.2703078,https://doi.org/10.1109/tip.2017.2703078,126,"In this paper, we propose to introduce intrinsic image decomposition priors into decomposition models for contrast enhancement. Since image decomposition is a highly illposed problem, we introduce constraints on both reflectance and illumination layers to yield a highly reliable solution. We regularize the reflectance layer to be piecewise constant by introducing a weighted ℓ1norm constraint on neighboring pixels according to the color similarity, so that the decomposed reflectance would not be affected much by the illumination information. The illumination layer is regularized by a piecewise smoothness constraint. The proposed model is effectively solved by the Split Bregman algorithm. Then, by adjusting the illumination layer, we obtain the enhancement result. To avoid potential color artifacts introduced by illumination adjusting and reduce computing complexity, the proposed decomposition model is performed on the value channel in HSV space. Experiment results demonstrate that the proposed method performs well for a wide variety of images, and achieves better or comparable subjective and objective quality compared with the state-of-the-art methods.",intrinsic image decomposition reflectance illumination,retain,"illumination, intrinsic, reflectance"
https://openalex.org/W4386076318,TensoIR: Tensorial Inverse Rendering,2023,https://doi.org/10.1109/cvpr52729.2023.00024,https://doi.org/10.1109/cvpr52729.2023.00024,125,"We propose TensoIR, a novel inverse rendering approach based on tensor factorization and neural fields. Unlike previous works that use purely MLP-based neural fields, thus suffering from low capacity and high computation costs, we extend TensoRF, a state-of-the-art approach for radiance field modeling, to estimate scene geometry, surface reflectance, and environment illumination from multi-view images captured under unknown lighting conditions. Our approach jointly achieves radiance field reconstruction and physically-based model estimation, leading to photo-realistic novel view synthesis and relighting results. Benefiting from the efficiency and extensibility of the TensoRF-based representation, our method can accurately model secondary shading effects (like shadows and indirect lighting) and generally support input images captured under single or multiple unknown lighting conditions. The low-rank tensor representation allows us to not only achieve fast and compact reconstruction but also better exploit shared information under an arbitrary number of capturing lighting conditions. We demonstrate the superiority of our method to baseline methods qualitatively and quantitatively on various challenging synthetic and real-world scenes.",single image relighting inverse rendering,retain,"relight, illumination, reflectance, inverse render"
https://openalex.org/W2970048031,Bridging the Day and Night Domain Gap for Semantic Segmentation,2019,https://doi.org/10.1109/ivs.2019.8813888,https://doi.org/10.1109/ivs.2019.8813888,118,"Perception in autonomous vehicles has progressed exponentially in the last years thanks to the advances of vision-based methods such as Convolutional Neural Networks (CNNs). Current deep networks are both efficient and reliable, at least in standard conditions, standing as a suitable solution for the perception tasks of autonomous vehicles. However, there is a large accuracy downgrade when these methods are taken to adverse conditions such as nighttime. In this paper, we study methods to alleviate this accuracy gap by using recent techniques such as Generative Adversarial Networks (GANs). We explore diverse options such as enlarging the dataset to cover these domains in unsupervised training or adapting the images on-the-fly during inference to a comfortable domain such as sunny daylight in a pre-processing step. The results show some interesting insights and demonstrate that both proposed approaches considerably reduce the domain gap, allowing IV perception systems to work reliably also at night.",day night image translation,retain,night
https://openalex.org/W2020733757,Coherent intrinsic images from photo collections,2012,https://doi.org/10.1145/2366145.2366221,https://doi.org/10.1145/2366145.2366221,116,"An intrinsic image is a decomposition of a photo into an illumination layer and a reflectance layer, which enables powerful editing such as the alteration of an object's material independently of its illumination. However, decomposing a single photo is highly under-constrained and existing methods require user assistance or handle only simple scenes. In this paper, we compute intrinsic decompositions using several images of the same scene under different viewpoints and lighting conditions. We use multi-view stereo to automatically reconstruct 3D points and normals from which we derive relationships between reflectance values at different locations, across multiple views and consequently different lighting conditions. We use robust estimation to reliably identify reflectance ratios between pairs of points. From these, we infer constraints for our optimization and enforce a coherent solution across multiple views and illuminations. Our results demonstrate that this constrained optimization yields high-quality and coherent intrinsic decompositions of complex scenes. We illustrate how these decompositions can be used for image-based illumination transfer and transitions between views with consistent lighting.",intrinsic image decomposition reflectance illumination,retain,"illumination, intrinsic, reflectance"
https://openalex.org/W2977464309,Cross-Domain Car Detection Using Unsupervised Image-to-Image Translation: From Day to Night,2019,https://doi.org/10.1109/ijcnn.2019.8852008,https://doi.org/10.1109/ijcnn.2019.8852008,111,"Deep learning techniques have enabled the emergence of state-of-the-art models to address object detection tasks. However, these techniques are data-driven, delegating the accuracy to the training dataset which must resemble the images in the target task. The acquisition of a dataset involves annotating images, an arduous and expensive process, generally requiring time and manual effort. Thus, a challenging scenario arises when the target domain of application has no annotated dataset available, making tasks in such situation to lean on a training dataset of a different domain. Sharing this issue, object detection is a vital task for autonomous vehicles where the large amount of driving scenarios yields several domains of application requiring annotated data for the training process. In this work, a method for training a car detection system with annotated data from a source domain (day images) without requiring the image annotations of the target domain (night images) is presented. For that, a model based on Generative Adversarial Networks (GANs) is explored to enable the generation of an artificial dataset with its respective annotations. The artificial dataset (fake dataset) is created translating images from day-time domain to night-time domain. The fake dataset, which comprises annotated images of only the target domain (night images), is then used to train the car detector model. Experimental results showed that the proposed method achieved significant and consistent improvements, including the increasing by more than 10% of the detection performance when compared to the training with only the available annotated data (i.e., day images).",day night image translation,retain,"night, translation"
https://openalex.org/W2140324463,Day/night whole sky imagers for 24-h cloud and sky assessment: history and overview,2013,https://doi.org/10.1364/ao.52.001605,https://doi.org/10.1364/ao.52.001605,105,"A family of fully automated digital whole sky imagers (WSIs) has been developed at the Marine Physical Laboratory over many years, for a variety of research and military applications. The most advanced of these, the day/night whole sky imagers (D/N WSIs), acquire digital imagery of the full sky down to the horizon under all conditions from full sunlight to starlight. Cloud algorithms process the imagery to automatically detect the locations of cloud for both day and night. The instruments can provide absolute radiance distribution over the full radiance range from starlight through daylight. The WSIs were fielded in 1984, followed by the D/N WSIs in 1992. These many years of experience and development have resulted in very capable instruments and algorithms that remain unique. This article discusses the history of the development of the D/N WSIs, system design, algorithms, and data products. The paper cites many reports with more detailed technical documentation. Further details of calibration, day and night algorithms, and cloud free line-of-sight results will be discussed in future articles.",day night image translation,retain,night
https://openalex.org/W2161852276,Acquisition and rendering of transparent and refractive objects,2002,https://doi.org/10.5555/581896.581931,http://nrs.harvard.edu/urn-3:HUL.InstRepos:4238978,101,"This paper introduces a new image-based approach to capturing and modeling highly specular, transparent, or translucent objects. We have built a system for automatically acquiring high quality graphical models of objects that are extremely difficult to scan with traditional 3D scanners. The system consists of turntables, a set of cameras and lights, and monitors to project colored backdrops. We use multi-background matting techniques to acquire alpha and environment mattes of the object from multiple viewpoints. Using the alpha mattes we reconstruct an approximate 3D shape of the object. We use the environment mattes to compute a high-resolution surface reflectance field. We also acquire a low-resolution surface reflectance field using the overhead array of lights. Both surface reflectance fields are used to relight the objects and to place them into arbitrary environments. Our system is the first to acquire and render transparent and translucent 3D objects, such as a glass of beer, from arbitrary viewpoints under novel illumination.",single image relighting inverse rendering,retain,"relight, illumination, reflectance"
https://openalex.org/W2963327506,RenderNet: A deep convolutional network for differentiable rendering\n from 3D shapes,2018,https://doi.org/10.48550/arxiv.1806.06575,http://arxiv.org/abs/1806.06575,96,"Traditional computer graphics rendering pipeline is designed for procedurally\ngenerating 2D quality images from 3D shapes with high performance. The\nnon-differentiability due to discrete operations such as visibility computation\nmakes it hard to explicitly correlate rendering parameters and the resulting\nimage, posing a significant challenge for inverse rendering tasks. Recent work\non differentiable rendering achieves differentiability either by designing\nsurrogate gradients for non-differentiable operations or via an approximate but\ndifferentiable renderer. These methods, however, are still limited when it\ncomes to handling occlusion, and restricted to particular rendering effects. We\npresent RenderNet, a differentiable rendering convolutional network with a\nnovel projection unit that can render 2D images from 3D shapes. Spatial\nocclusion and shading calculation are automatically encoded in the network. Our\nexperiments show that RenderNet can successfully learn to implement different\nshaders, and can be used in inverse rendering tasks to estimate shape, pose,\nlighting and texture from a single image.\n",single image relighting inverse rendering,retain,inverse render
https://openalex.org/W2272752931,Deep Reflectance Maps,2016,https://doi.org/10.1109/cvpr.2016.488,https://doi.org/10.1109/cvpr.2016.488,95,"Undoing the image formation process and therefore decomposing appearance into its intrinsic properties is a challenging task due to the under-constrained nature of this inverse problem. While significant progress has been made on inferring shape, materials and illumination from images only, progress in an unconstrained setting is still limited. We propose a convolutional neural architecture to estimate reflectance maps of specular materials in natural lighting conditions. We achieve this in an end-to-end learning formulation that directly predicts a reflectance map from the image itself. We show how to improve estimates by facilitating additional supervision in an indirect scheme that first predicts surface orientation and afterwards predicts the reflectance map by a learning-based sparse data interpolation. In order to analyze performance on this difficult task, we propose a new challenge of Specular MAterials on SHapes with complex IllumiNation (SMASHINg) using both synthetic and real images. Furthermore, we show the application of our method to a range of image editing tasks on real images.",intrinsic image decomposition reflectance illumination,retain,"illumination, intrinsic, reflectance"
https://openalex.org/W4387757480,Zero-Shot Medical Image Translation via Frequency-Guided Diffusion Models,2023,https://doi.org/10.1109/tmi.2023.3325703,https://doi.org/10.1109/tmi.2023.3325703,93,"Recently, the diffusion model has emerged as a superior generative model that can produce high quality and realistic images. However, for medical image translation, the existing diffusion models are deficient in accurately retaining structural information since the structure details of source domain images are lost during the forward diffusion process and cannot be fully recovered through learned reverse diffusion, while the integrity of anatomical structures is extremely important in medical images. For instance, errors in image translation may distort, shift, or even remove structures and tumors, leading to incorrect diagnosis and inadequate treatments. Training and conditioning diffusion models using paired source and target images with matching anatomy can help. However, such paired data are very difficult and costly to obtain, and may also reduce the robustness of the developed model to out-of-distribution testing data. We propose a frequency-guided diffusion model (FGDM) that employs frequency-domain filters to guide the diffusion model for structure-preserving image translation. Based on its design, FGDM allows zero-shot learning, as it can be trained solely on the data from the target domain, and used directly for source-to-target domain translation without any exposure to the source-domain data during training. We evaluated it on three cone-beam CT (CBCT)-to-CT translation tasks for different anatomical sites, and a cross-institutional MR imaging translation task. FGDM outperformed the state-of-the-art methods (GAN-based, VAE-based, and diffusion-based) in metrics of Fréchet Inception Distance (FID), Peak Signal-to-Noise Ratio (PSNR), and Structural Similarity Index Measure (SSIM), showing its significant advantages in zero-shot medical image translation.",unpaired image translation structure preservation,retain,"translation, noise"
https://openalex.org/W2974687854,See clearer at night: towards robust nighttime semantic segmentation through day-night image conversion,2019,https://doi.org/10.1117/12.2532477,https://doi.org/10.1117/12.2532477,92,"In recent years, intelligent driving navigation and security monitoring have made considerable progress with the help of deep Convolutional Neural Networks (CNNs). As one of the state-of-the-art perception approaches, semantic segmentation unifies distinct detection tasks widely desired by both autonomous driving and security monitoring. Currently, semantic segmentation shows remarkable efficiency and reliability in standard scenarios such as daytime scenes with favorable illumination conditions. However, in face of adverse conditions such as the nighttime, semantic segmentation loses its accuracy significantly. One of the main causes of the problem is the lack of sufficient annotated segmentation datasets of nighttime scenes. In this paper, we propose a framework to alleviate the accuracy decline when semantic segmentation is taken to adverse conditions by using Generative Adversarial Networks (GANs). To bridge the daytime and nighttime image domains, we made key observation that compared to datasets in adverse conditions, there are considerable amount of segmentation datasets in standard conditions such as BDD and our collected ZJU datasets. Our GAN-based nighttime semantic segmentation framework includes two methods. In the first method, GANs were used to translate nighttime images to the daytime, thus semantic segmentation can be performed using robust models already trained on daytime datasets. In another method, we use GANs to translate different ratio of daytime images in the dataset to the nighttime but still with their labels. In this sense, synthetic nighttime segmentation datasets can be generated to yield models prepared to operate at nighttime conditions robustly. In our experiment, the later method significantly boosts the performance at the nighttime evidenced by quantitative results using Intersection over Union (IoU) and Pixel Accuracy (Acc). We show that the performance varies with respect to the proportion of synthetic nighttime images in the dataset, where the sweet spot corresponds to most robust performance across the day and night. The proposed framework not only makes contribution to the optimization of visual perception in intelligent vehicles, but also can be applied to diverse navigational assistance systems.",day night image translation,retain,"night, illumination"
https://openalex.org/W2146721395,Interactive intrinsic video editing,2014,https://doi.org/10.1145/2661229.2661253,https://doi.org/10.1145/2661229.2661253,91,"Separating a photograph into its reflectance and illumination intrinsic images is a fundamentally ambiguous problem, and state-of-the-art algorithms combine sophisticated reflectance and illumination priors with user annotations to create plausible results. However, these algorithms cannot be easily extended to videos for two reasons: first, näively applying algorithms designed for single images to videos produce results that are temporally incoherent; second, effectively specifying user annotations for a video requires interactive feedback, and current approaches are orders of magnitudes too slow to support this. We introduce a fast and temporally consistent algorithm to decompose video sequences into their reflectance and illumination components. Our algorithm uses a hybrid ℓ 2 ℓ p formulation that separates image gradients into smooth illumination and sparse reflectance gradients using look-up tables. We use a multi-scale parallelized solver to reconstruct the reflectance and illumination from these gradients while enforcing spatial and temporal reflectance constraints and user annotations. We demonstrate that our algorithm automatically produces reasonable results, that can be interactively refined by users, at rates that are two orders of magnitude faster than existing tools, to produce high-quality decompositions for challenging real-world video sequences. We also show how these decompositions can be used for a number of video editing applications including recoloring, retexturing, illumination editing, and lighting-aware compositing.",intrinsic image decomposition reflectance illumination,retain,"illumination, intrinsic, reflectance"
https://openalex.org/W3157973839,Super-resolved live-cell imaging using random illumination microscopy,2021,https://doi.org/10.1016/j.crmeth.2021.100009,https://doi.org/10.1016/j.crmeth.2021.100009,91,"Current super-resolution microscopy (SRM) methods suffer from an intrinsic complexity that might curtail their routine use in cell biology. We describe here random illumination microscopy (RIM) for live-cell imaging at super-resolutions matching that of 3D structured illumination microscopy, in a robust fashion. Based on speckled illumination and statistical image reconstruction, easy to implement and user-friendly, RIM is unaffected by optical aberrations on the excitation side, linear to brightness, and compatible with multicolor live-cell imaging over extended periods of time. We illustrate the potential of RIM on diverse biological applications, from the mobility of proliferating cell nuclear antigen (PCNA) in U2OS cells and kinetochore dynamics in mitotic S. pombe cells to the 3D motion of myosin minifilaments deep inside Drosophila tissues. RIM's inherent simplicity and extended biological applicability, particularly for imaging at increased depths, could help make SRM accessible to biology laboratories.",intrinsic image decomposition reflectance illumination,retain,"illumination, intrinsic"
https://openalex.org/W3110086937,Night-to-Day: Online Image-to-Image Translation for Object Detection Within Autonomous Driving by Night,2020,https://doi.org/10.1109/tiv.2020.3039456,https://doi.org/10.1109/tiv.2020.3039456,90,"Object detectors are central to autonomous driving and are widely used in driver assistance systems. Object detectors are trained on a finite amount of data within a specific domain, hampering detection performance when applying object detectors to samples from other domains during inference, an effect known as domain gap. Domain gap is a concern for data-driven applications, evoking repetitive retraining of networks when the applications unfold into other domains. With object detectors that have been trained on day images only, a domain gap can be observed in object detection by night. Training object detectors on night images is critical because of the enormous effort required to generate an adequate amount of diversely labeled data, and existing data sets often tend to overfit specific domain characteristics. For the first time, this work proposes adapting domains by online image-to-image translation to expand an object detector's domain of operation. The domain gap is decreased without additional labeling effort and without having to retrain the object detector while unfolding into the target domain. The approach follows the concept of domain adaptation, shifting the target domain samples into the domain knownto the object detector (source domain). Firstly, the UNIT network is trained for domain adaptation and subsequently cast into an online domain adaptation module, which narrows down the domain gap. Domain adaptation capabilities are evaluated qualitatively by displaying translated samples and visualizing the domain shift through the 2D tSNE algorithm. We quantitatively benchmark the domain adaptation's influence on a state-of-the-art object detector, and on a retrained object detector, for mean average precision, mean recall, and the resulting F1-score. Our approach achieves an F1 score improvement of 5.27 % within object detection by night when applying online domain adaptation. The evaluation is executed on the BDD100K benchmark data set.",day night image translation,retain,"night, translation"
https://openalex.org/W2798896170,InverseFaceNet: Deep Monocular Inverse Face Rendering,2018,https://doi.org/10.1109/cvpr.2018.00486,https://doi.org/10.1109/cvpr.2018.00486,88,"We introduce InverseFaceNet, a deep convolutional inverse rendering framework for faces that jointly estimates facial pose, shape, expression, reflectance and illumination from a single input image. By estimating all parameters from just a single image, advanced editing possibilities on a single face image, such as appearance editing and relighting, become feasible in real time. Most previous learning-based face reconstruction approaches do not jointly recover all dimensions, or are severely limited in terms of visual quality. In contrast, we propose to recover high-quality facial pose, shape, expression, reflectance and illumination using a deep neural network that is trained using a large, synthetically created training corpus. Our approach builds on a novel loss function that measures model-space similarity directly in parameter space and significantly improves reconstruction accuracy. We further propose a self-supervised bootstrapping process in the network training loop, which iteratively updates the synthetic training corpus to better reflect the distribution of real-world imagery. We demonstrate that this strategy outperforms completely synthetically trained networks. Finally, we show high-quality reconstructions and compare our approach to several state-of-the-art approaches.",single image relighting inverse rendering,retain,"relight, illumination, reflectance, inverse render"
https://openalex.org/W2133661850,Estimation of Intrinsic Image Sequences from Image+Depth Video,2012,https://doi.org/10.1007/978-3-642-33783-3_24,https://doi.org/10.1007/978-3-642-33783-3_24,88,,intrinsic image decomposition reflectance illumination,retain,intrinsic
https://openalex.org/W4235795445,Intrinsic colorization,2008,https://doi.org/10.1145/1457515.1409105,https://doi.org/10.1145/1457515.1409105,87,"In this paper, we present an example-based colorization technique robust to illumination differences between grayscale target and color reference images. To achieve this goal, our method performs color transfer in an illumination-independent domain that is relatively free of shadows and highlights. It first recovers an illumination-independent intrinsic reflectance image of the target scene from multiple color references obtained by web search. The reference images from the web search may be taken from different vantage points, under different illumination conditions, and with different cameras. Grayscale versions of these reference images are then used in decomposing the grayscale target image into its intrinsic reflectance and illumination components. We transfer color from the color reflectance image to the grayscale reflectance image, and obtain the final result by relighting with the illumination component of the target image. We demonstrate via several examples that our method generates results with excellent color consistency.",intrinsic image decomposition reflectance illumination,retain,"relight, illumination, intrinsic, reflectance"
https://openalex.org/W2890958373,Intrinsic Image Decomposition with Step and Drift Shading Separation,2018,https://doi.org/10.1109/tvcg.2018.2869326,https://doi.org/10.1109/tvcg.2018.2869326,86,"Decomposing an image into the shading and reflectance layers remains challenging due to its severely under-constrained nature. We present an approach based on illumination decomposition that recovers the intrinsic images without additional information, e.g., depth or user interaction. Our approach is based on the rationale that the shading component contains the step and drift channels simultaneously. We decompose the illumination into two channels: the step shading, corresponding to the sharp shading changes due to cast shadow or abrupt shape changes; the drift shading, accounting for the smooth shading variations due to gradual illumination changes or slow shape changes. Due to such transformation of turning the conventional assumption that shading has smoothness as reasonable prior, our model has the advantages in handling real images, especially with the cast shadows or strong shape edges. We also apply a much stricter edge classifier along with a reinforcement process to enhance our method. We formulate the problem using a two-parameter energy function and split it into two energy functions corresponding to the reflectance and step shading. Experiments on the MIT dataset, the IIW dataset and the MPI Sintel dataset have shown the success of our approach over the state-of-the-art methods.",intrinsic image decomposition reflectance illumination,retain,"illumination, intrinsic, reflectance"
https://openalex.org/W4362562911,Emergent Visual Sensors for Autonomous Vehicles,2023,https://doi.org/10.1109/tits.2023.3248483,https://doi.org/10.1109/tits.2023.3248483,84,"For vehicles to navigate autonomously, they need to perceive and understand their immediate surroundings. Currently, cameras are the preferred sensors, due to their high performance and relatively low-cost compared with other sensors like LiDARs and Radars. However, their performance is limited by inherent imaging constraints, a standard RGB camera may perform poorly in extreme conditions, including low illumination, high contrast, bad weather (e.g. fog, rain, snow, etc.), glare, etc. Further, when using monocular cameras, it is more challenging to determine spatial distances than when using active range sensors such as LiDARs or Radars. Over the past years, novel image sensors, namely, infrared cameras, range-gated cameras, polarization cameras, and event cameras, have demonstrated strong potential. Some of them could be game-changers for future autonomous vehicles, they are the result of progress in sensor technology and the development of the accompanying perception algorithms. This paper presents in a systematic manner their principles, comparative advantages, data processing algorithms, and related applications. The purpose is to provide practitioners with an in-depth overview of novel sensing technologies that can contribute to the safe deployment of autonomous vehicles.",night image synthesis camera noise glare reflection,retain,"illumination, glare"
https://openalex.org/W2608400466,Intrinsic Decompositions for Image Editing,2017,https://doi.org/10.1111/cgf.13149,https://doi.org/10.1111/cgf.13149,83,"Intrinsic images are a mid-level representation of an image that decompose the image into reflectance and illumination layers. The reflectance layer captures the color/texture of surfaces in the scene, while the illumination layer captures shading effects caused by interactions between scene illumination and surface geometry. Intrinsic images have a long history in computer vision and recently in computer graphics, and have been shown to be a useful representation for tasks ranging from scene understanding and reconstruction to image editing. In this report, we review and evaluate past work on this problem. Specifically, we discuss each work in terms of the priors they impose on the intrinsic image problem. We introduce a new synthetic ground-truth dataset that we use to evaluate the validity of these priors and the performance of the methods. Finally, we evaluate the performance of the different methods in the context of image-editing applications.",intrinsic image decomposition reflectance illumination,retain,"illumination, intrinsic, reflectance"
https://openalex.org/W2942626212,Few-Shot Unsupervised Image-to-Image Translation,2019,https://doi.org/10.48550/arxiv.1905.01723,http://arxiv.org/abs/1905.01723,81,"Unsupervised image-to-image translation methods learn to map images in a given class to an analogous image in a different class, drawing on unstructured (non-registered) datasets of images. While remarkably successful, current methods require access to many images in both source and destination classes at training time. We argue this greatly limits their use. Drawing inspiration from the human capability of picking up the essence of a novel object from a small number of examples and generalizing from there, we seek a few-shot, unsupervised image-to-image translation algorithm that works on previously unseen target classes that are specified, at test time, only by a few example images. Our model achieves this few-shot generation capability by coupling an adversarial training scheme with a novel network design. Through extensive experimental validation and comparisons to several baseline methods on benchmark datasets, we verify the effectiveness of the proposed framework. Our implementation and datasets are available at https://github.com/NVlabs/FUNIT .",unpaired image translation structure preservation,retain,translation
https://openalex.org/W2002193550,Intrinsic Image Decomposition Using Optimization and User Scribbles,2012,https://doi.org/10.1109/tsmcb.2012.2208744,https://doi.org/10.1109/tsmcb.2012.2208744,78,"In this paper, we present a novel high-quality intrinsic image recovery approach using optimization and user scribbles. Our approach is based on the assumption of color characteristics in a local window in natural images. Our method adopts a premise that neighboring pixels in a local window having similar intensity values should have similar reflectance values. Thus, the intrinsic image decomposition is formulated by minimizing an energy function with the addition of a weighting constraint to the local image properties. In order to improve the intrinsic image decomposition results, we further specify local constraint cues by integrating the user strokes in our energy formulation, including constant-reflectance, constant-illumination, and fixed-illumination brushes. Our experimental results demonstrate that the proposed approach achieves a better recovery result of intrinsic reflectance and illumination components than the previous approaches.",intrinsic image decomposition reflectance illumination,retain,"illumination, intrinsic, reflectance"
https://openalex.org/W2091247382,Rich Intrinsic Image Decomposition of Outdoor Scenes from Multiple Views,2012,https://doi.org/10.1109/tvcg.2012.112,https://doi.org/10.1109/tvcg.2012.112,77,"Intrinsic images aim at separating an image into its reflectance and illumination components to facilitate further analysis or manipulation. This separation is severely ill posed and the most successful methods rely on user indications or precise geometry to resolve the ambiguities inherent to this problem. In this paper, we propose a method to estimate intrinsic images from multiple views of an outdoor scene without the need for precise geometry and with a few manual steps to calibrate the input. We use multiview stereo to automatically reconstruct a 3D point cloud of the scene. Although this point cloud is sparse and incomplete, we show that it provides the necessary information to compute plausible sky and indirect illumination at each 3D point. We then introduce an optimization method to estimate sun visibility over the point cloud. This algorithm compensates for the lack of accurate geometry and allows the extraction of precise shadows in the final image. We finally propagate the information computed over the sparse point cloud to every pixel in the photograph using image-guided propagation. Our propagation not only separates reflectance from illumination, but also decomposes the illumination into a sun, sky, and indirect layer. This rich decomposition allows novel image manipulations as demonstrated by our results.",intrinsic image decomposition reflectance illumination,retain,"illumination, intrinsic, reflectance"
https://openalex.org/W2057552653,Multiview Intrinsic Images of Outdoors Scenes with an Application to Relighting,2015,https://doi.org/10.1145/2756549,https://doi.org/10.1145/2756549,77,"We introduce a method to compute intrinsic images for a multiview set of outdoor photos with cast shadows, taken under the same lighting. We use an automatic 3D reconstruction from these photos and the sun direction as input and decompose each image into reflectance and shading layers, despite the inaccuracies and missing data of the 3D model. Our approach is based on two key ideas. First, we progressively improve the accuracy of the parameters of our image formation model by performing iterative estimation and combining 3D lighting simulation with 2D image optimization methods. Second, we use the image formation model to express reflectance as a function of discrete visibility values for shadow and light, which allows to introduce a robust visibility classifier for pairs of points in a scene. This classifier is used for shadow labeling, allowing to compute high-quality reflectance and shading layers. Our multiview intrinsic decomposition is of sufficient quality to allow relighting of the input images. We create shadow-caster geometry which preserves shadow silhouettes and, using the intrinsic layers, we can perform multiview relighting with moving cast shadows. We present results on several multiview datasets, and show how it is now possible to perform image-based rendering with changing illumination conditions.",intrinsic image decomposition reflectance illumination,retain,"relight, illumination, intrinsic, reflectance"
https://openalex.org/W2099628660,Recovering intrinsic images from a single image,2005,https://doi.org/10.1109/tpami.2005.185,https://doi.org/10.1109/tpami.2005.185,76,"Interpreting real-world images requires the ability distinguish the different characteristics of the scene that lead to its final appearance. Two of the most important of these characteristics are the shading and reflectance of each point in the scene. We present an algorithm that uses multiple cues to recover shading and reflectance intrinsic images from a single image. Using both color information and a classifier trained to recognize gray-scale patterns, given the lighting direction, each image derivative is classified as being caused by shading or a change in the surface's reflectance. The classifiers gather local evidence about the surface's form and color, which is then propagated using the generalized belief propagation algorithm. The propagation step disambiguates areas of the image where the correct classification is not clear from local evidence. We use real-world images to demonstrate results and show how each component of the system affects the results.",intrinsic image decomposition reflectance illumination,retain,"intrinsic, reflectance"
https://openalex.org/W2968087827,Unpaired Image Denoising Using a Generative Adversarial Network in X-Ray CT,2019,https://doi.org/10.1109/access.2019.2934178,https://doi.org/10.1109/access.2019.2934178,74,"This paper proposes a deep learning-based denoising method for noisy low-dose computerized tomography (CT) images in the absence of paired training data. The proposed method uses a fidelity-embedded generative adversarial network (GAN) to learn a denoising function from unpaired training data of low-dose CT (LDCT) and standard-dose CT (SDCT) images, where the denoising function is the optimal generator in the GAN framework. This paper analyzes the f-GAN objective to derive a suitable generator that is optimized by minimizing a weighted sum of two losses: the Kullback-Leibler divergence between an SDCT data distribution and a generated distribution, and the 12 loss between the LDCT image and the corresponding generated images (or denoised image). The computed generator reflects the prior belief about SDCT data distribution through training. We observed that the proposed method allows the preservation of fine anomalous features while eliminating noise. The experimental results show that the proposed deep-learning method with unpaired datasets performs comparably to a method using paired datasets. A clinical experiment was also performed to show the validity of the proposed method for noise arising in the low-dose X-ray CT.",unpaired image translation structure preservation,retain,noise
https://openalex.org/W2886030071,Nerve-targeted probes for fluorescence-guided intraoperative imaging,2018,https://doi.org/10.7150/thno.23084,https://doi.org/10.7150/thno.23084,72,"A fundamental goal of many surgeries is nerve preservation, as inadvertent injury can lead to patient morbidity including numbness, pain, localized paralysis and incontinence. Nerve identification during surgery relies on multiple parameters including anatomy, texture, color and relationship to surrounding structures using white light illumination. We propose that fluorescent labeling of nerves can enhance the contrast between nerves and adjacent tissue during surgery which may lead to improved outcomes. Methods: Nerve binding peptide sequences including HNP401 were identified by phage display using selective binding to dissected nerve tissue. Peptide dye conjugates including FAM-HNP401 and structural variants were synthesized and screened for nerve binding after topical application on fresh rodent and human tissue and in-vivo after systemic IV administration into both mice and rats. Nerve to muscle contrast was quantified by measuring fluorescent intensity after topical or systemic administration of peptide dye conjugate. Results: Peptide dye conjugate FAM-HNP401 showed selective binding to human sural nerve with 10.9x fluorescence signal intensity (1374.44 425.96) compared to a previously identified peptide FAM-NP41 (126.17 61.03). FAM-HNP401 showed nerve-to-muscle contrast of 3.03 0.57. FAM-HNP401 binds and highlight multiple human peripheral nerves including lower leg sural, upper arm medial antebrachial as well as autonomic nerves isolated from human prostate. Conclusion: Phage display has identified a novel peptide that selectively binds to ex-vivo human nerves and in-vivo using rodent models. FAM-HNP401 or an optimized variant could be translated for use in a clinical setting for intraoperative identification of human nerves to improve visualization and potentially decrease the incidence of intra-surgical nerve injury.",unpaired image translation structure preservation,retain,illumination
https://openalex.org/W2609615231,Superpixel-Based Intrinsic Image Decomposition of Hyperspectral Images,2017,https://doi.org/10.1109/tgrs.2017.2690445,https://doi.org/10.1109/tgrs.2017.2690445,68,"In this paper, we propose a novel superpixel-based intrinsic image decomposition (SIID) framework for hyperspectral images. Intrinsic images are usually referred to the separation of shading and reflectance components from an input image. Considering the high dimensionality of hyperspectral images, we further decompose the shading component into the product of environment illumination and surface orientation changes, thus modeling the problem more properly. The proposed method consists of the following steps. First, we build two superpixel segmentation maps of different scales, i.e., a finer one that is oversegmented and a coarser one that is undersegmented. Based on the observation that the finer superpixel map achieves a higher segmentation accuracy, whereas the coarser superpixel map tends to reserve the objectness of the original image, we model the SIID decomposition problem in a matrix form based on the finer superpixel map and define a constraint matrix by integrating the information in the coarser superpixel map. The constraint matrix is introduced as a secondary constraint in order to make the ill-posed IID problem solvable. Finally, we transform the original decomposition problem into minimizing the Frobenius norm of the proposed matrix energy function and iteratively derive the solution. Our experimental results demonstrate that the proposed method is able to achieve a performance outperforming the state-of-the-art while making a great improvement in efficiency.",intrinsic image decomposition reflectance illumination,retain,"illumination, intrinsic, reflectance"
https://openalex.org/W2227411572,Intrinsic Face Image Decomposition with Human Face Priors,2014,https://doi.org/10.1007/978-3-319-10602-1_15,https://doi.org/10.1007/978-3-319-10602-1_15,66,,intrinsic image decomposition reflectance illumination,retain,intrinsic
https://openalex.org/W2808532172,RenderNet: A deep convolutional network for differentiable rendering from 3D shapes,2018,https://doi.org/10.48550/arxiv.1806.06575,https://researchportal.bath.ac.uk/en/publications/e64f6607-1e01-48af-98f1-8d42d1d1e89c,65,"Traditional computer graphics rendering pipeline is designed for procedurally generating 2D quality images from 3D shapes with high performance. The non-differentiability due to discrete operations such as visibility computation makes it hard to explicitly correlate rendering parameters and the resulting image, posing a significant challenge for inverse rendering tasks. Recent work on differentiable rendering achieves differentiability either by designing surrogate gradients for non-differentiable operations or via an approximate but differentiable renderer. These methods, however, are still limited when it comes to handling occlusion, and restricted to particular rendering effects. We present RenderNet, a differentiable rendering convolutional network with a novel projection unit that can render 2D images from 3D shapes. Spatial occlusion and shading calculation are automatically encoded in the network. Our experiments show that RenderNet can successfully learn to implement different shaders, and can be used in inverse rendering tasks to estimate shape, pose, lighting and texture from a single image.",single image relighting inverse rendering,retain,inverse render
https://openalex.org/W4225400017,A night pavement crack detection method based on image‐to‐image translation,2022,https://doi.org/10.1111/mice.12849,https://doi.org/10.1111/mice.12849,62,,day night image translation,retain,"night, translation"
https://openalex.org/W2885621364,Joint Learning of Intrinsic Images and Semantic Segmentation,2018,https://doi.org/10.1007/978-3-030-01231-1_18,https://doi.org/10.1007/978-3-030-01231-1_18,62,,intrinsic image decomposition reflectance illumination,retain,intrinsic
https://openalex.org/W2160797951,Computer vision in roadway transportation systems: a survey,2013,https://doi.org/10.1117/1.jei.22.4.041121,https://doi.org/10.1117/1.jei.22.4.041121,62,"There is a worldwide effort to apply 21st century intelligence to evolving our transportation networks. The goals of smart transportation networks are quite noble and manifold, including safety, efficiency, law enforcement, energy conservation, and emission reduction. Computer vision is playing a key role in this transportation evolution. Video imaging scientists are providing intelligent sensing and processing technologies for a wide variety of applications and services. There are many interesting technical challenges including imaging under a variety of environmental and illumination conditions, data overload, recognition and tracking of objects at high speed, distributed network sensing and processing, energy sources, as well as legal concerns. This paper presents a survey of computer vision techniques related to three key problems in the transportation domain: safety, efficiency, and security and law enforcement. A broad review of the literature is complemented by detailed treatment of a few selected algorithms and systems that the authors believe represent the state-of-the-art.",night image synthesis camera noise glare reflection,retain,illumination
https://openalex.org/W4297900125,Learning to Relight Portrait Images via a Virtual Light Stage and Synthetic-to-Real Adaptation,2022,https://doi.org/10.1145/3550454.3555442,https://doi.org/10.1145/3550454.3555442,61,"Given a portrait image of a person and an environment map of the target lighting, portrait relighting aims to re-illuminate the person in the image as if the person appeared in an environment with the target lighting. To achieve high-quality results, recent methods rely on deep learning. An effective approach is to supervise the training of deep neural networks with a high-fidelity dataset of desired input-output pairs, captured with a light stage. However, acquiring such data requires an expensive special capture rig and time-consuming efforts, limiting access to only a few resourceful laboratories. To address the limitation, we propose a new approach that can perform on par with the state-of-the-art (SOTA) relighting methods without requiring a light stage. Our approach is based on the realization that a successful relighting of a portrait image depends on two conditions. First, the method needs to mimic the behaviors of physically-based relighting. Second, the output has to be photorealistic. To meet the first condition, we propose to train the relighting network with training data generated by a virtual light stage that performs physically-based rendering on various 3D synthetic humans under different environment maps. To meet the second condition, we develop a novel synthetic-to-real approach to bring photorealism to the relighting network output. In addition to achieving SOTA results, our approach offers several advantages over the prior methods, including controllable glares on glasses and more temporally-consistent results for relighting videos.",single image relighting inverse rendering,retain,"relight, glare"
https://openalex.org/W3101452841,Single-Shot Neural Relighting and SVBRDF Estimation,2020,https://doi.org/10.1007/978-3-030-58529-7_6,https://doi.org/10.1007/978-3-030-58529-7_6,58,,single image relighting inverse rendering,retain,relight
https://openalex.org/W4308454739,Unsupervised Image-to-Image Translation: A Review,2022,https://doi.org/10.3390/s22218540,https://doi.org/10.3390/s22218540,56,"Supervised image-to-image translation has been proven to generate realistic images with sharp details and to have good quantitative performance. Such methods are trained on a paired dataset, where an image from the source domain already has a corresponding translated image in the target domain. However, this paired dataset requirement imposes a huge practical constraint, requires domain knowledge or is even impossible to obtain in certain cases. Due to these problems, unsupervised image-to-image translation has been proposed, which does not require domain expertise and can take advantage of a large unlabeled dataset. Although such models perform well, they are hard to train due to the major constraints induced in their loss functions, which make training unstable. Since CycleGAN has been released, numerous methods have been proposed which try to address various problems from different perspectives. In this review, we firstly describe the general image-to-image translation framework and discuss the datasets and metrics involved in the topic. Furthermore, we revise the current state-of-the-art with a classification of existing works. This part is followed by a small quantitative evaluation, for which results were taken from papers.",unpaired image translation structure preservation,retain,translation
https://openalex.org/W2220470871,Intrinsic Decomposition of Image Sequences from Local Temporal Variations,2015,https://doi.org/10.1109/iccv.2015.57,https://doi.org/10.1109/iccv.2015.57,54,"We present a method for intrinsic image decomposition, which aims to decompose images into reflectance and shading layers. Our input is a sequence of images with varying illumination acquired by a static camera, e.g. an indoor scene with a moving light source or an outdoor timelapse. We leverage the local color variations observed over time to infer constraints on the reflectance and solve the ill-posed image decomposition problem. In particular, we derive an adaptive local energy from the observations of each local neighborhood over time, and integrate distant pairwise constraints to enforce coherent decomposition across all surfaces with consistent shading changes. Our method is solely based on multiple observations of a Lambertian scene under varying illumination and does not require user interaction, scene geometry, or an explicit lighting model. We compare our results with several intrinsic decomposition methods on a number of synthetic and captured datasets.",intrinsic image decomposition reflectance illumination,retain,"illumination, intrinsic, reflectance"
https://openalex.org/W2807141917,From Faces to Outdoor Light Probes,2018,https://doi.org/10.1111/cgf.13341,https://doi.org/10.1111/cgf.13341,52,"Abstract Image‐based lighting has allowed the creation of photo‐realistic computer‐generated content. However, it requires the accurate capture of the illumination conditions, a task neither easy nor intuitive, especially to the average digital photography enthusiast. This paper presents an approach to directly estimate an HDR light probe from a single LDR photograph, shot outdoors with a consumer camera, without specialized calibration targets or equipment. Our insight is to use a person's face as an outdoor light probe. To estimate HDR light probes from LDR faces we use an inverse rendering approach which employs data‐driven priors to guide the estimation of realistic, HDR lighting. We build compact, realistic representations of outdoor lighting both parametrically and in a data‐driven way, by training a deep convolutional autoencoder on a large dataset of HDR sky environment maps. Our approach can recover high‐frequency, extremely high dynamic range lighting environments. For quantitative evaluation of lighting estimation accuracy and relighting accuracy, we also contribute a new database of face photographs with corresponding HDR light probes. We show that relighting objects with HDR light probes estimated by our method yields realistic results in a wide variety of settings.",single image relighting inverse rendering,retain,"relight, illumination, inverse render"
https://openalex.org/W2245606284,Scene Intrinsics and Depth from a Single Image,2015,https://doi.org/10.1109/iccvw.2015.39,https://doi.org/10.1109/iccvw.2015.39,52,"Intrinsic image decomposition factorizes an observed image into its physical causes. This is most commonly framed as a decomposition into reflectance and shading, although recent progress has made full decompositions into shape, illumination, reflectance, and shading possible. However, existing factorization approaches require depth sensing to initialize the optimization of scene intrinsics. Rather than relying on depth sensors, we show that depth estimated purely from monocular appearance can provide sufficient cues for intrinsic image analysis. Our full intrinsic pipeline regresses depth by a fully convolutional network then jointly optimizes the intrinsic factorization to recover the input image. This combination yields full decompositions by uniting feature learning through deep network regression with physical modeling through statistical priors and random field regularization. This work demonstrates the first pipeline for full intrinsic decomposition of scenes from a single color image input alone.",intrinsic image decomposition reflectance illumination,retain,"illumination, intrinsic, reflectance"
https://openalex.org/W2963644875,Self-Supervised Intrinsic Image Decomposition,2017,,https://hdl.handle.net/1721.1/126660,51,"Intrinsic decomposition from a single image is a highly challenging task, due to its inherent ambiguity and the scarcity of training data. In contrast to traditional fully supervised learning approaches, in this paper we propose learning intrinsic image decomposition by explaining the input image. Our model, the Rendered Intrinsics Network (RIN), joins together an image decomposition pipeline, which predicts reflectance, shape, and lighting conditions given a single image, with a recombination function, a learned shading model used to recompose the original input based off of intrinsic image predictions. Our network can then use unsupervised reconstruction error as an additional signal to improve its intermediate representations. This allows large-scale unlabeled data to be useful during training, and also enables transferring learned knowledge to images of unseen object categories, lighting conditions, and shapes. Extensive experiments demonstrate that our method performs well on both intrinsic image decomposition and knowledge transfer.",intrinsic image decomposition reflectance illumination,retain,"intrinsic, reflectance"
https://openalex.org/W3015653929,Feature-Guided SAR-to-Optical Image Translation,2020,https://doi.org/10.1109/access.2020.2987105,https://doi.org/10.1109/access.2020.2987105,51,"The powerful performance of Generative Adversarial Networks (GANs) in image-to-image translation has been well demonstrated in recent years. However, most methods are focused on completing an isolated image translation task. With the complex scenes in optical images and high-frequency speckle noise in SAR images, the quality of generated images is often unsatisfactory. In this paper, a feature-guided method for SAR-to-optical image translation is proposed to better take the unique attributes of images into account. Specifically, in view of the diversity of structure features and texture features, VGG-19 network is used as the feature extractor in the task of cross-modal image translation. To ensure the acquisition of multilayer features in the process of image generation, feature matching is carried out on different layers. Loss function based on Discrete Cosine Transform is designed to filter out the high-frequency noise. The generated images show better performance in feature preservation and noise reduction, and achieve higher Image Quality Assessment scores compared with images generated by some famous methods. The superiority of our algorithm is also demonstrated by being applied to different networks.",unpaired image translation structure preservation,retain,"translation, noise"
https://openalex.org/W2999408714,Neural Human Video Rendering by Learning Dynamic Textures and Rendering-to-Video Translation,2020,https://doi.org/10.48550/arxiv.2001.04947,http://arxiv.org/abs/2001.04947,49,"Synthesizing realistic videos of humans using neural networks has been a popular alternative to the conventional graphics-based rendering pipeline due to its high efficiency. Existing works typically formulate this as an image-to-image translation problem in 2D screen space, which leads to artifacts such as over-smoothing, missing body parts, and temporal instability of fine-scale detail, such as pose-dependent wrinkles in the clothing. In this paper, we propose a novel human video synthesis method that approaches these limiting factors by explicitly disentangling the learning of time-coherent fine-scale details from the embedding of the human in 2D screen space. More specifically, our method relies on the combination of two convolutional neural networks (CNNs). Given the pose information, the first CNN predicts a dynamic texture map that contains time-coherent high-frequency details, and the second CNN conditions the generation of the final video on the temporally coherent output of the first CNN. We demonstrate several applications of our approach, such as human reenactment and novel view synthesis from monocular video, where we show significant improvement over the state of the art both qualitatively and quantitatively.",single image relighting inverse rendering,retain,translation
https://openalex.org/W3102270524,Self-supervised Outdoor Scene Relighting,2020,https://doi.org/10.1007/978-3-030-58542-6_6,https://doi.org/10.1007/978-3-030-58542-6_6,48,,single image relighting inverse rendering,retain,relight
https://openalex.org/W2115166229,Potential secondary structure at translation-initiation sites,1987,https://doi.org/10.1093/nar/15.1.345,https://doi.org/10.1093/nar/15.1.345,48,"Since translational start codons also occur internally, more-complex features within mRNA must determine initiation. We compare the potential secondary structure of 123 prokaryotic mRNA start regions to that of regions coding for internal methionines. The latter display an unexpectedly-uniform, almost-periodic pattern of pairing potential. In contrast, sequences 5' to start codons have little self-pairing, and do not pair extensively with the proximal coding region. Pairing potential surrounding start codons was found to be less than half of that found near internal AUGs. In groups of random sequences where the distribution of nucleotides at each position, or of trinucleotides at each in-frame codon position, matched the observed natural distribution, there was no periodicity in the pairing potential of the internal sequences. Randomized internal sequences had less pairing: the ratio of pairing intensity between internals and starts was reduced from 2.0 to 1.6 by randomization. We propose that the transition from the relatively-unstructured start domains to the highly-structured internal sequences may be an important determinant of translational start-site recognition.",unpaired image translation structure preservation,retain,translation
https://openalex.org/W4321766599,IID-MEF: A multi-exposure fusion network based on intrinsic image decomposition,2023,https://doi.org/10.1016/j.inffus.2023.02.031,https://doi.org/10.1016/j.inffus.2023.02.031,44,,intrinsic image decomposition reflectance illumination,retain,intrinsic
https://openalex.org/W3138966361,Illumination decomposition for material recoloring with consistent interreflections,2011,https://doi.org/10.1145/2010324.1964938,https://doi.org/10.1145/2010324.1964938,43,"Changing the color of an object is a basic image editing operation, but a high quality result must also preserve natural shading. A common approach is to first compute reflectance and illumination intrinsic images. Reflectances can then be edited independently, and recomposed with the illumination. However, manipulating only the reflectance color does not account for diffuse interreflections, and can result in inconsistent shading in the edited image. We propose an approach for further decomposing illumination into direct lighting, and indirect diffuse illumination from each material. This decomposition allows us to change indirect illumination from an individual material independently, so it matches the modified reflectance color. To address the underconstrained problem of decomposing illumination into multiple components, we take advantage of its smooth nature, as well as user-provided constraints. We demonstrate our approach on a number of examples, where we consistently edit material colors and the associated interreflections.",intrinsic image decomposition reflectance illumination,retain,"illumination, intrinsic, reflectance, reflection"
https://openalex.org/W3162390837,Visibility Enhancement and Fog Detection: Solutions Presented in Recent Scientific Papers with Potential for Application to Mobile Systems,2021,https://doi.org/10.3390/s21103370,https://doi.org/10.3390/s21103370,43,"In mobile systems, fog, rain, snow, haze, and sun glare are natural phenomena that can be very dangerous for drivers. In addition to the visibility problem, the driver must face also the choice of speed while driving. The main effects of fog are a decrease in contrast and a fade of color. Rain and snow cause also high perturbation for the driver while glare caused by the sun or by other traffic participants can be very dangerous even for a short period. In the field of autonomous vehicles, visibility is of the utmost importance. To solve this problem, different researchers have approached and offered varied solutions and methods. It is useful to focus on what has been presented in the scientific literature over the past ten years relative to these concerns. This synthesis and technological evolution in the field of sensors, in the field of communications, in data processing, can be the basis of new possibilities for approaching the problems. This paper summarizes the methods and systems found and considered relevant, which estimate or even improve visibility in adverse weather conditions. Searching in the scientific literature, in the last few years, for the preoccupations of the researchers for avoiding the problems of the mobile systems caused by the environmental factors, we found that the fog phenomenon is the most dangerous. Our focus is on the fog phenomenon, and here, we present published research about methods based on image processing, optical power measurement, systems of sensors, etc.",night image synthesis camera noise glare reflection,retain,glare
https://openalex.org/W2048935419,Illumination decomposition for material recoloring with consistent interreflections,2011,https://doi.org/10.1145/1964921.1964938,https://doi.org/10.1145/1964921.1964938,42,"Changing the color of an object is a basic image editing operation, but a high quality result must also preserve natural shading. A common approach is to first compute reflectance and illumination intrinsic images. Reflectances can then be edited independently, and recomposed with the illumination. However, manipulating only the reflectance color does not account for diffuse interreflections, and can result in inconsistent shading in the edited image. We propose an approach for further decomposing illumination into direct lighting, and indirect diffuse illumination from each material. This decomposition allows us to change indirect illumination from an individual material independently, so it matches the modified reflectance color. To address the underconstrained problem of decomposing illumination into multiple components, we take advantage of its smooth nature, as well as user-provided constraints. We demonstrate our approach on a number of examples, where we consistently edit material colors and the associated interreflections.",intrinsic image decomposition reflectance illumination,retain,"illumination, intrinsic, reflectance, reflection"
https://openalex.org/W3128248230,Robotic Instrument Segmentation With Image-to-Image Translation,2021,https://doi.org/10.1109/lra.2021.3056354,https://doi.org/10.1109/lra.2021.3056354,41,"The semantic segmentation of robotic surgery video and the delineation of robotic instruments are important for enabling automation. Despite major recent progresses, the majority of the latest deep learning models for instrument detection and segmentation rely on large datasets with ground truth labels. While demonstrating the capability, reliance on large labelled data is a problem for practical applications because systems would need to be re-trained on domain variations such as procedure type or instrument sets. In this letter, we propose to alleviate this problem by training deep learning models on datasets that are synthesised using image-to-image translation techniques and we investigate different methods to perform this process optimally. Experimentally, we demonstrate that the same deep network architecture for robotic instrument segmentation can be trained on both real data and on our proposed synthetic data without affecting the quality of the output models' performance. We show this for several recent approaches and provide experimental support on publicly available datasets, which highlight the potential value of this approach.",unpaired image translation structure preservation,retain,translation
https://openalex.org/W2604240677,InverseFaceNet: Deep Single-Shot Inverse Face Rendering From A Single Image,2017,,http://hdl.handle.net/11858/00-001M-0000-002D-8BCD-B,40,"We introduce InverseFaceNet, a deep convolutional inverse rendering framework for faces that jointly estimates facial pose, shape, expression, reflectance and illumination from a single input image in a single shot. By estimating all these parameters from just a single image, advanced editing possibilities on a single face image, such as appearance editing and relighting, become feasible. Previous learning-based face reconstruction approaches do not jointly recover all dimensions, or are severely limited in terms of visual quality. In contrast, we propose to recover high-quality facial pose, shape, expression, reflectance and illumination using a deep neural network that is trained using a large, synthetically created dataset. Our approach builds on a novel loss function that measures model-space similarity directly in parameter space and significantly improves reconstruction accuracy. In addition, we propose an analysis-by-synthesis breeding approach which iteratively updates the synthetic training corpus based on the distribution of real-world images, and we demonstrate that this strategy outperforms completely synthetically trained networks. Finally, we show high-quality reconstructions and compare our approach to several state-of-the-art approaches.",single image relighting inverse rendering,retain,"relight, illumination, reflectance, inverse render"
https://openalex.org/W4311034047,Differentiable Rendering of Neural SDFs through Reparameterization,2022,https://doi.org/10.1145/3550469.3555397,https://doi.org/10.1145/3550469.3555397,40,"We present a method to automatically compute correct gradients with respect to geometric scene parameters in neural SDF renderers. Recent physically-based differentiable rendering techniques for meshes have used edge-sampling to handle discontinuities, particularly at object silhouettes, but SDFs do not have a simple parametric form amenable to sampling. Instead, our approach builds on area-sampling techniques and develops a continuous warping function for SDFs to account for these discontinuities. Our method leverages the distance to surface encoded in an SDF and uses quadrature on sphere tracer points to compute this warping function. We further show that this can be done by subsampling the points to make the method tractable for neural SDFs. Our differentiable renderer can be used to optimize neural shapes from multi-view images and produces comparable 3D reconstructions to recent SDF-based inverse rendering methods, without the need for 2D segmentation masks to guide the geometry optimization and no volumetric approximations to the geometry.",single image relighting inverse rendering,retain,inverse render
https://openalex.org/W4386083128,ReLight My NeRF: A Dataset for Novel View Synthesis and Relighting of Real World Objects,2023,https://doi.org/10.1109/cvpr52729.2023.01989,https://doi.org/10.1109/cvpr52729.2023.01989,39,"In this paper, we focus on the problem of rendering novel views from a Neural Radiance Field (NeRF) under unobserved light conditions. To this end, we introduce a novel dataset, dubbed ReNe (Relighting NeRF), framing real world objects under one-light-at-time (OLAT) conditions, annotated with accurate ground-truth camera and light poses. Our acquisition pipeline leverages two robotic arms holding, respectively, a camera and an omni-directional point-wise light source. We release a total of 20 scenes depicting a variety of objects with complex geometry and challenging materials. Each scene includes 2000 images, acquired from 50 different points of views under 40 different OLAT conditions. By leveraging the dataset, we perform an ablation study on the relighting capability of variants of the vanilla NeRF architecture and identify a lightweight architecture that can render novel views of an object under novel light conditions, which we use to establish a non-trivial baseline for the dataset. Dataset and benchmark are available at https://eyecan-ai.",single image relighting inverse rendering,retain,relight
https://openalex.org/W4313157655,PIE-Net: Photometric Invariant Edge Guided Network for Intrinsic Image Decomposition,2022,https://doi.org/10.1109/cvpr52688.2022.01917,https://doi.org/10.1109/cvpr52688.2022.01917,39,"Intrinsic image decomposition is the process of recovering the image formation components (reflectance and shading) from an image. Previous methods employ either explicit priors to constrain the problem or implicit constraints as formulated by their losses (deep learning). These methods can be negatively influenced by strong illumination conditions causing shading-reflectance leakages. Therefore, in this paper, an end-to-end edge-driven hybrid CNN approach is proposed for intrinsic image decomposition. Edges correspond to illumination invariant gradients. To handle hard negative illumination transitions, a hierarchical approach is taken including global and local refinement layers. We make use of attention layers to further strengthen the learning process. An extensive ablation study and large scale experiments are conducted showing that it is beneficial for edge-driven hybrid IID networks to make use of illumination invariant descriptors and that separating global and local cues helps in improving the performance of the network. Finally, it is shown that the proposed method obtains state of the art performance and is able to generalise well to real world images. The project page with pretrained models, finetuned models and network code can be found at https://ivi.fnwi.uva.nl/cv/pienet/.",intrinsic image decomposition reflectance illumination,retain,"illumination, intrinsic, reflectance"
https://openalex.org/W3004814282,3D face mask presentation attack detection based on intrinsic image analysis,2020,https://doi.org/10.1049/iet-bmt.2019.0155,https://doi.org/10.1049/iet-bmt.2019.0155,39,"Face presentation attacks have become a major threat against face recognition systems and many countermeasures have been proposed over the past decade. However, most of them are devoted to 2D face presentation attack detection, rather than 3D face masks. Unlike the real face, the 3D face mask is usually made of resin materials and has a smooth surface, resulting in reflectance differences. Therefore, in this study, the authors propose a novel 3D face mask presentation attack detection method based on analysis of image reflectance. In the proposed method, the face image is first processed with intrinsic image decomposition algorithm to compute its reflectance image. Then, the intensity distribution histograms are extracted from three orthogonal planes to represent the intensity differences of reflectance images between the real face and 3D face mask. After that, given that the reflectance image of a smooth surface is more sensitive to illumination changes, 1D convolutional neural network is used to characterise how different materials or surfaces react differently to illumination changes. Extensive experiments with the public available 3DMAD database demonstrate the effectiveness of the proposed method for distinguishing a face mask from the real one and show that the detection performance outperforms other state‐of‐the‐art methods.",intrinsic image decomposition reflectance illumination,retain,"illumination, intrinsic, reflectance"
https://openalex.org/W3135924198,Conditional Invertible Neural Networks for Diverse Image-to-Image Translation,2021,https://doi.org/10.1007/978-3-030-71278-5_27,https://doi.org/10.1007/978-3-030-71278-5_27,34,,day night image translation,retain,translation
https://openalex.org/W2149186753,A Theory Of Frequency Domain Invariants: Spherical Harmonic Identities for BRDF/Lighting Transfer and Image Consistency,2007,https://doi.org/10.1109/tpami.2007.1162,https://doi.org/10.1109/tpami.2007.1162,34,"This paper develops a theory of frequency domain invariants in computer vision. We derive novel identities using spherical harmonics, which are the angular frequency domain analog to common spatial domain invariants such as reflectance ratios. These invariants are derived from the spherical harmonic convolution framework for reflection from a curved surface. Our identities apply in a number of canonical cases, including single and multiple images of objects under the same and different lighting conditions. One important case we consider is two different glossy objects in two different lighting environments. For this case, we derive a novel identity, independent of the specific lighting configurations or BRDFs, that allows us to directly estimate the fourth image if the other three are available. The identity can also be used as an invariant to detecttampering in the images. While this paper is primarily theoretical, it has the potential to lay the mathematical foundations for two important practical applications. First, we can develop more general algorithms for inverse rendering problems, which can directly relight and change material properties by transferring the BRDF or lighting from another object or illumination. Second, we can check the consistency of an image, to detect tampering or image splicing.",single image relighting inverse rendering,retain,"relight, illumination, reflectance, reflection, inverse render"
https://openalex.org/W3113005628,NeRV: Neural Reflectance and Visibility Fields for Relighting and View Synthesis,2021,https://doi.org/10.1109/cvpr46437.2021.00741,https://doi.org/10.1109/cvpr46437.2021.00741,33,"We present a method that takes as input a set of images of a scene illuminated by unconstrained known lighting, and produces as output a 3D representation that can be rendered from novel viewpoints under arbitrary lighting conditions. Our method represents the scene as a continuous volumetric function parameterized as MLPs whose inputs are a 3D location and whose outputs are the following scene properties at that input location: volume density, surface normal, material parameters, distance to the first surface intersection in any direction, and visibility of the external environment in any direction. Together, these allow us to render novel views of the object under arbitrary lighting, including indirect illumination effects. The predicted visibility and surface intersection fields are critical to our model’s ability to simulate direct and indirect illumination during training, because the brute-force techniques used by prior work are intractable for lighting conditions outside of controlled setups with a single light. Our method outperforms alternative approaches for recovering relightable 3D scene representations, and performs well in complex lighting settings that have posed a significant challenge to prior work.",single image relighting inverse rendering,retain,"relight, illumination, reflectance"
https://openalex.org/W4386117372,Image-to-Image Translation With Disentangled Latent Vectors for Face Editing,2023,https://doi.org/10.1109/tpami.2023.3308102,https://doi.org/10.1109/tpami.2023.3308102,33,"We propose an image-to-image translation framework for facial attribute editing with disentangled interpretable latent directions. Facial attribute editing task faces the challenges of targeted attribute editing with controllable strength and disentanglement in the representations of attributes to preserve the other attributes during edits. For this goal, inspired by the latent space factorization works of fixed pretrained GANs, we design the attribute editing by latent space factorization, and for each attribute, we learn a linear direction that is orthogonal to the others. We train these directions with orthogonality constraints and disentanglement losses. To project images to semantically organized latent spaces, we set an encoder-decoder architecture with attention-based skip connections. We extensively compare with previous image translation algorithms and editing with pretrained GAN works. Our extensive experiments show that our method significantly improves over the state-of-the-arts.",unpaired image translation structure preservation,retain,translation
https://openalex.org/W3171411140,Deep Neural Models for Illumination Estimation and Relighting: A Survey,2021,https://doi.org/10.1111/cgf.14283,https://doi.org/10.1111/cgf.14283,32,"Abstract Scene relighting and estimating illumination of a real scene for insertion of virtual objects in a mixed‐reality scenario are well‐studied challenges in the computer vision and graphics fields. Classical inverse rendering approaches aim to decompose a scene into its orthogonal constituting elements, namely scene geometry, illumination and surface materials, which can later be used for augmented reality or to render new images under novel lighting or viewpoints. Recently, the application of deep neural computing to illumination estimation, relighting and inverse rendering has shown promising results. This contribution aims to bring together in a coherent manner current advances in this conjunction. We examine in detail the attributes of the proposed approaches, presented in three categories: scene illumination estimation, relighting with reflectance‐aware scene‐specific representations and finally relighting as image‐to‐image transformations. Each category is concluded with a discussion on the main characteristics of the current methods and possible future trends. We also provide an overview of current publicly available datasets for neural lighting applications.",single image relighting inverse rendering,retain,"relight, illumination, reflectance, inverse render"
https://openalex.org/W2201003591,Intrinsic Scene Decomposition from RGB-D Images,2015,https://doi.org/10.1109/iccv.2015.99,https://doi.org/10.1109/iccv.2015.99,32,"In this paper, we address the problem of computing an intrinsic decomposition of the colors of a surface into an albedo and a shading term. The surface is reconstructed from a single or multiple RGB-D images of a static scene obtained from different views. We thereby extend and improve existing works in the area of intrinsic image decomposition. In a variational framework, we formulate the problem as a minimization of an energy composed of two terms: a data term and a regularity term. The first term is related to the image formation process and expresses the relation between the albedo, the surface normals, and the incident illumination. We use an affine shading model, a combination of a Lambertian model, and an ambient lighting term. This model is relevant for Lambertian surfaces. When available, multiple views can be used to handle view-dependent non-Lambertian reflections. The second term contains an efficient combination of l2and l1-regularizers on the illumination vector field and albedo respectively. Unlike most previous approaches, especially Retinex-like techniques, these terms do not depend on the image gradient or texture, thus reducing the mixing shading/reflectance artifacts and leading to better results. The obtained non-linear optimization problem is efficiently solved using a cyclic block coordinate descent algorithm. Our method outperforms a range of state-of-the-art algorithms on a popular benchmark dataset.",intrinsic image decomposition reflectance illumination,retain,"illumination, intrinsic, reflectance, reflection"
https://openalex.org/W2996883610,Leveraging Multi-View Image Sets for Unsupervised Intrinsic Image Decomposition and Highlight Separation,2020,https://doi.org/10.1609/aaai.v34i07.6961,https://doi.org/10.1609/aaai.v34i07.6961,32,"We present an unsupervised approach for factorizing object appearance into highlight, shading, and albedo layers, trained by multi-view real images. To do so, we construct a multi-view dataset by collecting numerous customer product photos online, which exhibit large illumination variations that make them suitable for training of reflectance separation and can facilitate object-level decomposition. The main contribution of our approach is a proposed image representation based on local color distributions that allows training to be insensitive to the local misalignments of multi-view images. In addition, we present a new guidance cue for unsupervised training that exploits synergy between highlight separation and intrinsic image decomposition. Over a broad range of objects, our technique is shown to yield state-of-the-art results for both of these tasks.",intrinsic image decomposition reflectance illumination,retain,"illumination, intrinsic, reflectance"
https://openalex.org/W2732010771,Decomposing Single Images for Layered Photo Retouching,2017,https://doi.org/10.1111/cgf.13220,https://doi.org/10.1111/cgf.13220,32,"Abstract Photographers routinely compose multiple manipulated photos of the same scene into a single image, producing a fidelity difficult to achieve using any individual photo. Alternately, 3D artists set up rendering systems to produce layered images to isolate individual aspects of the light transport, which are composed into the final result in post‐production. Regrettably, these approaches either take considerable time and effort to capture, or remain limited to synthetic scenes. In this paper, we suggest a method to decompose a single image into multiple layers that approximates effects such as shadow, diffuse illumination, albedo, and specular shading. To this end, we extend the idea of intrinsic images along two axes: first, by complementing shading and reflectance with specularity and occlusion, and second, by introducing directional dependence. We do so by training a convolutional neural network (CNN) with synthetic data. Such decompositions can then be manipulated in any off‐the‐shelf image manipulation software and composited back. We demonstrate the effectiveness of our decomposition on synthetic (i. e., rendered) and real data (i. e., photographs), and use them for photo manipulations, which are otherwise impossible to perform based on single images. We provide comparisons with state‐of‐the‐art methods and also evaluate the quality of our decompositions via a user study measuring the effectiveness of the resultant photo retouching setup. Supplementary material and code are available for research use at geometry.cs.ucl.ac.uk/projects/2017/layered-retouching .",intrinsic image decomposition reflectance illumination,retain,"illumination, intrinsic, reflectance"
https://openalex.org/W3042866438,Detail-Preserving CycleGAN-AdaIN Framework for Image-to-Ink Painting Translation,2020,https://doi.org/10.1109/access.2020.3009470,https://doi.org/10.1109/access.2020.3009470,32,"Image translation tasks based on generative models have become an important research area, such as the general framework for unsupervised image translation-CycleGAN (Cycle-Consistent Generative Adversarial Networks). A typical advantage of CycleGAN is that it can realize the training of two image sets without pairing, but there are still some problems in the preservation of semantic information and the learning of specific features. In this paper, we propose the CycleGAN-AdaIN framework based on the CycleGAN model, which can translate real photos into Chinese ink paintings. In order to retain the content of the image completely, we use one cycle consistency loss to replace two in the structure of the model. To learn the style information of the ink painting, we introduce an AdaIN (Adaptive Instance Normalization) module before the decoding process of the generation network. In addition, to correct the details of the generated image, we add the MS-SSIM (Multi-Scale-Structural Similarity Index) loss in the reconstruction loss to generate a higher quality image. Compared with the existing methods in FID, Kernel MMD, PSNR and SSIM, the experiment results show that our method can accomplish the task of transferring real photos to ink paintings and get better performance than the baseline model.",unpaired image translation structure preservation,retain,translation
https://openalex.org/W4221167519,VoLux-GAN: A Generative Model for 3D Face Synthesis with HDRI Relighting,2022,https://doi.org/10.1145/3528233.3530751,https://doi.org/10.1145/3528233.3530751,31,"We propose VoLux-GAN, a generative framework to synthesize 3D-aware faces with convincing relighting. Our main contribution is a volumetric HDRI relighting method that can efficiently accumulate albedo, diffuse and specular lighting contributions along each 3D ray for any desired HDR environmental map. Additionally, we show the importance of supervising the image decomposition process using multiple discriminators. In particular, we propose a data augmentation technique that leverages recent advances in single image portrait relighting to enforce consistent geometry, albedo, diffuse and specular components. Multiple experiments and comparisons with other generative frameworks show how our model is a step forward towards photorealistic relightable 3D generative models. Code and pre-trained models are available at: https://github.com/google/volux-gan.",single image relighting inverse rendering,retain,relight
https://openalex.org/W4389567041,Principle and applications of near‐infrared imaging for fruit quality assessment—An overview,2023,https://doi.org/10.1111/ijfs.16862,https://doi.org/10.1111/ijfs.16862,29,"Summary The quality (i.e. the degree of excellence and acceptance to the consumer) evaluation and safety of fruit and other agricultural products is by far the main challenging task in the food industries. Hence, the development of efficient non‐invasive, real‐time and rapid‐quality assessment tools and techniques is the need of the hour. This review paper aims to provide the basic or fundamental knowledge regarding the principle, potential and application of near‐infrared imaging‐based computer vision systems. Non‐invasive technologies, based on optical properties, are the most applicable and important for real‐time quality assessment. Absorption, reflection and scattering before the transmission of incident light are phenomenon properties of biological materials. The principle and application of NIR imaging (i.e. medical imaging) in agriculture for quality detection were studied from various published research papers. Thus, collected pieces of information are summarised, concluded and discussed in a unique way in this report. The NIR spectrum of electromagnetic waves has some basic benefits of light penetration into the upper layer and makes visualisation of the targeted area of objects. Several studies have proved that the non‐destructive system based on visible and non‐visible imaging in combination has a significant role in quality defect detection in fruits. In NIR imaging, the artefacts caused by light illumination can be reduced and it will help in the visualisation of biological tissues and hidden defects just below the peel.",night image synthesis camera noise glare reflection,retain,"illumination, reflection"
https://openalex.org/W3174830055,MangaGAN: Unpaired Photo-to-Manga Translation Based on The Methodology of Manga Drawing,2021,https://doi.org/10.1609/aaai.v35i3.16364,https://doi.org/10.1609/aaai.v35i3.16364,28,"Manga is a world popular comic form originated in Japan, which typically employs black-and-white stroke lines and geometric exaggeration to describe humans' appearances, poses, and actions. In this paper, we propose MangaGAN, the first method based on Generative Adversarial Network (GAN) for unpaired photo-to-manga translation. Inspired by the drawing process of experienced manga artists, MangaGAN generates geometric features and converts each facial region into the manga domain with a tailored multi-GANs architecture. For training MangaGAN, we collect a new data-set from a popular manga work with extensive features. To produce high-quality manga faces, we propose a structural smoothing loss to smooth stroke-lines and avoid noisy pixels, and a similarity preserving module to improve the similarity between domains of photo and manga. Extensive experiments show that MangaGAN can produce high-quality manga faces preserving both the facial similarity and manga style, and outperforms other reference methods.",unpaired image translation structure preservation,retain,translation
https://openalex.org/W4367320289,"Research Progress, Hotspots, and Evolution of Nighttime Light Pollution: Analysis Based on WOS Database and Remote Sensing Data",2023,https://doi.org/10.3390/rs15092305,https://doi.org/10.3390/rs15092305,26,"With the rapid development of the global economy, the over-expansion of outdoor artificial light at night (ALAN) in cities has led to increasingly severe light pollution worldwide. More and more studies have paid attention to the problem of light pollution, but there is still a lack of systematic literature review on nighttime light pollution in terms of research progress, hotspots, and its evolutions. For this purpose, this study firstly analyzed current research actuality and trends about nighttime light pollution via a comprehensive retrospect of pertinent literature and summarized the adverse effects and monitoring technologies of light pollution by VOSviewer-based keyword co-occurrence technique. Additionally, the study explored the variation tendency of nighttime light pollution in typical countries from 2013 to 2021 based on remote-sensing data and further proposed management suggestions to protect the nighttime environment. The results indicate that the research popularity of nighttime light pollution has been increasing recently, especially after the opening of diversified remote-sensing data in 2012; the main research topics are dominated by adverse effects and monitoring technologies, where the latter is represented by ground survey and remote-sensing observation; the total levels of ALAN intensity are relatively high in most developed countries, but the mean and per capita values are decreasing, and the above phenomenon in developing countries show the opposite trend. This study expects to integrate the literature analysis method and remote-sensing data to demonstrate the research status and variation trends of nighttime light pollution systematically so as to provide scientific references for the assessment and management of the nighttime light environment.",night image synthesis camera noise glare reflection,retain,night
https://openalex.org/W4403780069,Colorful Diffuse Intrinsic Image Decomposition in the Wild,2024,https://doi.org/10.1145/3687984,https://doi.org/10.1145/3687984,25,"Intrinsic image decomposition aims to separate the surface reflectance and the effects from the illumination given a single photograph. Due to the complexity of the problem, most prior works assume a single-color illumination and a Lambertian world, which limits their use in illumination-aware image editing applications. In this work, we separate an input image into its diffuse albedo, colorful diffuse shading, and specular residual components. We arrive at our result by gradually removing first the single-color illumination and then the Lambertian-world assumptions. We show that by dividing the problem into easier sub-problems, in-the-wild colorful diffuse shading estimation can be achieved despite the limited ground-truth datasets. Our extended intrinsic model enables illumination-aware analysis of photographs and can be used for image editing applications such as specularity removal and per-pixel white balancing.",intrinsic image decomposition reflectance illumination,retain,"illumination, intrinsic, reflectance"
https://openalex.org/W4382313312,CFRWD-GAN for SAR-to-Optical Image Translation,2023,https://doi.org/10.3390/rs15102547,https://doi.org/10.3390/rs15102547,24,"Synthetic aperture radar (SAR) images have been extensively used in earthquake monitoring, resource survey, agricultural forecasting, etc. However, it is a challenge to interpret SAR images with severe speckle noise and geometric deformation due to the nature of radar imaging. The translation of SAR-to-optical images provides new support for the interpretation of SAR images. Most of the existing translation networks, which are based on generative adversarial networks (GANs), are vulnerable to part information loss during the feature reasoning stage, making the outline of the translated images blurred and semantic information missing. Aiming to solve these problems, cross-fusion reasoning and wavelet decomposition GAN (CFRWD-GAN) is proposed to preserve structural details and enhance high-frequency band information. Specifically, the cross-fusion reasoning (CFR) structure is proposed to preserve high-resolution, detailed features and low-resolution semantic features in the whole process of feature reasoning. Moreover, the discrete wavelet decomposition (WD) method is adopted to handle the speckle noise in SAR images and achieve the translation of high-frequency components. Finally, the WD branch is integrated with the CFR branch through an adaptive parameter learning method to translate SAR images to optical ones. Extensive experiments conducted on two publicly available datasets, QXS-SAROPT and SEN1-2, demonstrate a better translation performance of the proposed CFRWD-GAN compared to five other state-of-the-art models.",unpaired image translation structure preservation,retain,"translation, noise"
https://openalex.org/W2998273021,Multimodal Structure-Consistent Image-to-Image Translation,2020,https://doi.org/10.1609/aaai.v34i07.6814,https://doi.org/10.1609/aaai.v34i07.6814,23,"Unpaired image-to-image translation is proven quite effective in boosting a CNN-based object detector for a different domain by means of data augmentation that can well preserve the image-objects in the translated images. Recently, multimodal GAN (Generative Adversarial Network) models have been proposed and were expected to further boost the detector accuracy by generating a diverse collection of images in the target domain, given only a single/labelled image in the source domain. However, images generated by multimodal GANs would achieve even worse detection accuracy than the ones by a unimodal GAN with better object preservation. In this work, we introduce cycle-structure consistency for generating diverse and structure-preserved translated images across complex domains, such as between day and night, for object detector training. Qualitative results show that our model, Multimodal AugGAN, can generate diverse and realistic images for the target domain. For quantitative comparisons, we evaluate other competing methods and ours by using the generated images to train YOLO, Faster R-CNN and FCN models and prove that our model achieves significant improvement and outperforms other methods on the detection accuracies and the FCN scores. Also, we demonstrate that our model could provide more diverse object appearances in the target domain through comparison on the perceptual distance metric.",unpaired image translation structure preservation,retain,"night, translation"
https://openalex.org/W4390670352,SAR-to-Optical Image Translation via an Interpretable Network,2024,https://doi.org/10.3390/rs16020242,https://doi.org/10.3390/rs16020242,23,"Synthetic aperture radar (SAR) is prevalent in the remote sensing field but is difficult to interpret by human visual perception. Recently, SAR-to-optical (S2O) image conversion methods have provided a prospective solution. However, since there is a substantial domain difference between optical and SAR images, they suffer from low image quality and geometric distortion in the produced optical images. Motivated by the analogy between pixels during the S2O image translation and molecules in a heat field, a thermodynamics-inspired network for SAR-to-optical image translation (S2O-TDN) is proposed in this paper. Specifically, we design a third-order finite difference (TFD) residual structure in light of the TFD equation of thermodynamics, which allows us to efficiently extract inter-domain invariant features and facilitate the learning of nonlinear translation mapping. In addition, we exploit the first law of thermodynamics (FLT) to devise an FLT-guided branch that promotes the state transition of the feature values from an unstable diffusion state to a stable one, aiming to regularize the feature diffusion and preserve image structures during S2O image translation. S2O-TDN follows an explicit design principle derived from thermodynamic theory and enjoys the advantage of explainability. Experiments on the public SEN1-2 dataset show the advantages of the proposed S2O-TDN over the current methods with more delicate textures and higher quantitative results.",unpaired image translation structure preservation,retain,translation
https://openalex.org/W4384340764,Enhanced Night-to-Day Image Conversion Using CycleGAN-Based Base-Detail Paired Training,2023,https://doi.org/10.3390/math11143102,https://doi.org/10.3390/math11143102,21,"Numerous studies are underway to enhance the identification of surroundings in nighttime environments. These studies explore methods such as utilizing infrared images to improve night image visibility or converting night images into day-like representations for enhanced visibility. This research presents a technique focused on converting the road conditions depicted in night images to resemble daytime scenes. To facilitate this, a paired dataset is created by augmenting limited day and night image data using CycleGAN. The model is trained using both original night images and single-scale luminance transform (SLAT) day images to enhance the level of detail in the converted daytime images. However, the generated daytime images may exhibit sharpness and noise issues. To address these concerns, an image processing approach, inspired by the Stevens effect and local blurring, which align with visual characteristics, is employed to reduce noise and enhance image details. Consequently, this study contributes to improving the visibility of night images by means of day image conversion and subsequent image processing. The proposed night-to-day image translation in this study has a processing time of 0.81 s, including image processing, which is less than one second. Therefore, it is considered valuable as a module for daytime image translation. Additionally, the image quality assessment metric, BRISQUE, yielded a score of 19.8, indicating better performance compared to conventional methods. The outcomes of this research hold potential applications in fields such as CCTV surveillance systems and self-driving cars.",day night image translation,retain,"night, translation, noise"
https://openalex.org/W4283819442,Rendering-Aware HDR Environment Map Prediction from a Single Image,2022,https://doi.org/10.1609/aaai.v36i3.20190,https://doi.org/10.1609/aaai.v36i3.20190,20,"High dynamic range (HDR) illumination estimation from a single low dynamic range (LDR) image is a significant task in computer vision, graphics, and augmented reality. We present a two-stage deep learning-based method to predict an HDR environment map from a single narrow field-of-view LDR image. We first learn a hybrid parametric representation that sufficiently covers high- and low-frequency illumination components in the environment. Taking the estimated illuminations as guidance, we build a generative adversarial network to synthesize an HDR environment map that enables realistic rendering effects. We specifically consider the rendering effect by supervising the networks using rendering losses in both stages, on the predicted environment map as well as the hybrid illumination representation. Quantitative and qualitative experiments demonstrate that our approach achieves lower relighting errors for virtual object insertion and is preferred by users compared to state-of-the-art methods.",single image relighting inverse rendering,retain,"relight, illumination"
https://openalex.org/W3093689917,Uneven Illumination Surface Defects Inspection Based on Saliency Detection and Intrinsic Image Decomposition,2020,https://doi.org/10.1109/access.2020.3032108,https://doi.org/10.1109/access.2020.3032108,20,"Surface defect detection based on computer vision remains a challenging task due to the uneven illumination, low contrast and miscellaneous patterns of defects. Current methods usually present undesirable detection accuracy and lack adaptability for the various scenes. In the paper, the novel uneven illumination surface defects inspection (UISDI) method is proposed to address these issues. First, the multi-scale saliency detection (MSSD) method is proposed to construct a coarse defect map and obtain the corresponding background regions. Second, a novel background similarity prior-based intrinsic image decomposition model (BSIID) is applied to divide the defect image into a non-defective shading layer and a defective reflectance layer. An accelerated optimization solution is proposed to solve the minimization problem of the intrinsic image decomposition model. Last, the enhanced defect image is obtained by filtering the reflectance image and is then utilized to accurately segment the defect region from the coarse defect map. The experiments conducted using four real-world defect datasets demonstrate that the proposed method outperforms state-of-the-art methods.",intrinsic image decomposition reflectance illumination,retain,"illumination, intrinsic, reflectance"
https://openalex.org/W2893438982,Night-to-Day Image Translation for Retrieval-based Localization,2019,https://doi.org/10.1109/icra.2019.8794387,https://doi.org/10.1109/icra.2019.8794387,19,"Visual localization is a key step in many robotics pipelines, allowing the robot to (approximately) determine its position and orientation in the world. An efficient and scalable approach to visual localization is to use image retrieval techniques. These approaches identify the image most similar to a query photo in a database of geo-tagged images and approximate the query's pose via the pose of the retrieved database image. However, image retrieval across drastically different illumination conditions, e.g. day and night, is still a problem with unsatisfactory results, even in this age of powerful neural models. This is due to a lack of a suitably diverse dataset with true correspondences to perform end-to-end learning. A recent class of neural models allows for realistic translation of images among visual domains with relatively little training data and, most importantly, without ground-truth pairings.In this paper, we explore the task of accurately localizing images captured from two traversals of the same area in both day and night. We propose ToDayGAN - a modified image-translation model to alter nighttime driving images to a more useful daytime representation. We then compare the daytime and translated night images to obtain a pose estimate for the night image using the known 6-DOF position of the closest day image. Our approach improves localization performance by over 250% compared the current state-of-the-art, in the context of standard metrics in multiple categories.",day night image translation,retain,"night, illumination, translation"
https://openalex.org/W2115195622,Night vision enhancement systems: what should they do and what more do we need to know?,2002,,https://hdl.handle.net/2027.42/49459,19,Includes bibliographical references (p. 42-48),night image synthesis camera noise glare reflection,retain,night
https://openalex.org/W4416384054,Advances and challenges in infrared-visible image fusion: a comprehensive review of techniques and applications,2025,https://doi.org/10.1007/s10462-025-11426-0,https://doi.org/10.1007/s10462-025-11426-0,19,"Abstract Infrared–visible image fusion (IVIF) integrates complementary thermal and photometric cues for surveillance, remote sensing, and autonomous perception. Existing surveys, while comprehensive, provide limited guidance for design-to-deployment and seldom relate fusion quality to task outcomes or device constraints. This work provides a unified perspective that organizes IVIF methods along an interface-attention-alignment coordinate system covering classical spatial/transform pipelines and contemporary deep paradigms (generative, discriminative, multi-task, hybrid/Transformer, dynamic). Building on literature through 2025, we synthesize fidelity-robustness-efficiency trade-offs and introduce a comparison-to-deployment protocol that couples fusion metrics with task accuracy (AP/mIoU), latency, memory footprint, and condition-performance characterization (misregistration, noise, illumination/weather). We consolidate Transformer/hybrid coverage with practical recipes and focused guidance on temporal consistency, robustness auditing, and physics-grounded interpretability. Compared with previous reviews, our survey concurrently addresses four under-covered dimensions-video temporal consistency, robustness auditing, task-aware evaluation, and deployment reporting-and distills a practical checklist linking architectural choices to operating conditions and hardware budgets, enabling reproducible, task-relevant IVIF practice.",night image synthesis camera noise glare reflection,retain,"illumination, noise"
https://openalex.org/W4304083954,Exploring Negatives in Contrastive Learning for Unpaired Image-to-Image Translation,2022,https://doi.org/10.1145/3503161.3547802,https://doi.org/10.1145/3503161.3547802,19,"Unpaired image-to-image translation aims to find a mapping between the source domain and the target domain. To alleviate the problem of the lack of supervised labels for the source images, cycle-consistency based methods have been proposed for image structure preservation by assuming a reversible relationship between unpaired images. However, this assumption only uses limited correspondence between image pairs. Recently, contrastive learning (CL) has been used to further investigate the image correspondence in unpaired image translation by using patch-based positive/negative learning. Patch-based contrastive routines obtain the positives by self-similarity computation and recognize the rest patches as negatives. This flexible learning paradigm obtains auxiliary contextualized information at a low cost. As the negatives own an impressive sample number, with curiosity, we make an investigation based on a question: are all negatives necessary for feature contrastive learning? Unlike previous CL approaches that use negatives as much as possible, in this paper, we study the negatives from an information-theoretic perspective and introduce a new negative Pruning technology for Unpaired image-to-image Translation (PUT) by sparsifying and ranking the patches. The proposed algorithm is efficient, flexible and enables the model to learn essential information between corresponding patches stably. By putting quality over quantity, only a few negative patches are required to achieve better results. Lastly, we validate the superiority, stability, and versatility of our model through comparative experiments.",unpaired image translation structure preservation,retain,translation
https://openalex.org/W2115895443,Video Relighting Using Infrared Illumination,2008,https://doi.org/10.1111/j.1467-8659.2008.01124.x,https://doi.org/10.1111/j.1467-8659.2008.01124.x,17,"Abstract Inappropriate lighting is often responsible for poor quality video. In most offices and homes, lighting is not designed for video conferencing. This can result in unevenly lit faces, distracting shadows, and unnatural colors. We present a method for relighting faces that reduces the effects of uneven lighting and color. Our setup consists of a compact lighting rig and a camera that is both inexpensive and inconspicuous to the user. We use unperceivable infrared (IR) lights to obtain an illumination bases of the scene. Our algorithm computes an optimally weighted combination of IR bases to minimize lighting inconsistencies in foreground areas and reduce the effects of colored monitor light. However, IR relighting alone results in images with an unnatural ghostly appearance, thus a retargeting technique is presented which removes the unnatural IR effects and produces videos that have substantially more balanced intensity and color than the original video.",single image relighting inverse rendering,retain,"relight, illumination"
https://openalex.org/W4413157798,DiffusionRenderer: Neural Inverse and Forward Rendering with Video Diffusion Models,2025,https://doi.org/10.1109/cvpr52734.2025.02428,https://doi.org/10.1109/cvpr52734.2025.02428,16,"Understanding and modeling lighting effects are fundamental tasks in computer vision and graphics. Classic physically-based rendering (PBR) accurately simulates the light transport, but relies on precise scene representations–explicit 3D geometry, high-quality material properties, and lighting conditions–that are often impractical to obtain in real-world scenarios. Therefore, we introduce DiffusionRenderer, a neural approach that addresses the dual problem of inverse and forward rendering within a holistic framework. Leveraging powerful video diffusion model priors, the inverse rendering model accurately estimates G-buffers from real-world videos, providing an interface for image editing tasks, and training data for the rendering model. Conversely, our rendering model generates photorealistic images from G-buffers without explicit light transport simulation. Specifically, we first train a video diffusion model for inverse rendering on synthetic data, which generalizes well to real-world videos and allows us to auto-label diverse real-world videos. We then co-train our rendering model using both synthetic and auto-labeled real-world data. Experiments demonstrate that DiffusionRenderer effectively approximates inverse and forwards rendering, consistently outperforming the state-of-the-art. Our model enables practical applications from a single video input—including relighting, material editing, and realistic object insertion.",single image relighting inverse rendering,retain,"relight, inverse render"
https://openalex.org/W4312989585,SPN2D-GAN: Semantic Prior Based Night-to-Day Image-to-Image Translation,2022,https://doi.org/10.1109/tmm.2022.3224329,https://doi.org/10.1109/tmm.2022.3224329,14,"Existing image-to-image translation approaches can deal with simple scenes or styles effectively, such as summer-to-winter, horses-to-zebra, and photo-to-map. Although a great progress has been made by GAN-based methods recently, the performance of night-to-day (N2D) translation remains unsatisfactory due to imbalanced/poor visibility, and thus leading to translation ambiguity. To improve the quality of N2D translation, we propose an unpaired translation scheme based on a semantic prior generator, namely SPN2D-GAN, in a weakly- supervised manner with consideration of both image and semantic information. Specifically, we design a novel N2D generator, which can adopt the semantic information of images as prior knowledge to generate more reasonable and realistic results. Also, we suggest adjusting the brightness of nighttime images to boost the visibility, so that the generator can better extract content information. Moreover, the proposed SPN2D-GAN translates images by enforcing the distribution of daytime images in both image and semantic domains on final outputs. Besides, the cycle consistency is employed to preserve the fidelity between translations from two directions. Extensive experimental results are provided to reveal the effectiveness of our design, and demonstrate its superior performance over other state-of-the-art N2D translation approaches both quantitatively and qualitatively.",day night image translation,retain,"night, translation"
https://openalex.org/W2395723579,Inverse Rendering from a Single Image,2002,https://doi.org/10.2352/cgiv.2002.1.1.art00059,https://doi.org/10.2352/cgiv.2002.1.1.art00059,14,"In this paper, we present a new method to recover an approximation of the bidirectional reflectance distribution function (BRDF) of the surfaces present in a real or synthetic scene. This is done from a single photograph and a 3D geometric model of the scene. The result is a full model of the reflectance properties of all surfaces, which can be rendered under novel illumination conditions with, for example, viewpoint modification and the addition of new synthetic objects. Our technique produces a reflectance model using a small number of parameters. These parameters nevertheless approximate the BRDF and allow the recovery of the photometric properties of diffuse, specular, isotropic or anisotropic textured objects. The input data are a geometric model of the scene including the light source positions and the camera properties, and a single captured image. We present several synthetic images that are compared to the original ones, and some possible applications in augmented reality such as novel lighting conditions and addition of synthetic objects.",single image relighting inverse rendering,retain,"illumination, reflectance, inverse render"
https://openalex.org/W4318474715,Retinex-Based Relighting for Night Photography,2023,https://doi.org/10.3390/app13031719,https://doi.org/10.3390/app13031719,13,"The lighting up of buildings is one form of entertainment that makes a city more colorful, and photographers sometimes change this lighting using photo-editing applications. This paper proposes a method for automatically performing such changes that follows the Retinex theory. Retinex theory indicates that the complex scenes caught by the human visual system are affected by surrounding colors, and Retinex-based image processing uses these characteristics to generate images. Our proposed method follows this approach. First, we propose a method for extracting a relighting saliency map using Retinex with edge-preserving filtering. Second, we propose a sampling method to specify the lighting area. Finally, we composite the additional light to match the human visual perception. Experimental results show that the proposed sampling method is successful in keeping the illuminated points in bright locations and equally spaced apart. In addition, the proposed various diffusion methods can enhance nighttime skyline photographs with various expressions. Finally, we can add in a new light by considering Retinex theory to represent the perceptual color.",single image relighting inverse rendering,retain,"night, relight"
https://openalex.org/W4386076257,Weakly-supervised Single-view Image Relighting,2023,https://doi.org/10.1109/cvpr52729.2023.00812,https://doi.org/10.1109/cvpr52729.2023.00812,12,"We present a learning-based approach to relight a single image of Lambertian and low-frequency specular objects. Our method enables inserting objects from photographs into new scenes and relighting them under the new environment lighting, which is essential for AR applications. To relight the object, we solve both inverse rendering and re-rendering. To resolve the ill-posed inverse rendering, we propose a weakly-supervised method by a low-rank constraint. To facilitate the weakly-supervised training, we contribute Relit, a large-scale (750K images) dataset of videos with aligned objects under changing illuminations. For re-rendering, we propose a differentiable specular rendering layer to render low-frequency non-Lambertian materials under various illuminations of spherical harmonics. The whole pipeline is end-to-end and efficient, allowing for a mobile app implementation of AR object insertion. Extensive evaluations demonstrate that our method achieves state-of-the-art performance. Project page: https://renjiaoyi.github.io/relighting/.",single image relighting inverse rendering,retain,"relight, illumination, inverse render"
https://openalex.org/W4366607281,Day-to-night image translation via transfer learning to keep semantic information for driving simulator,2023,https://doi.org/10.1016/j.iatssr.2023.04.001,https://doi.org/10.1016/j.iatssr.2023.04.001,11,"Recently, autonomous driving technologies require robust perception performance through deep learning with huge data and annotations. To guarantee performance, perception accuracy should be robust even in nighttime. However, lots of perception technologies perform poorly with nighttime data. It is because most current datasets with annotation are composed of daytime scenes and there are few datasets for adverse conditions especially in nighttime. A massive cost of human resources and time is required to collect large amounts of data with annotation. To deal with the upper problem, many image translation methods by Generative Adversarial Networks (GANs) are proposed to generate realistic synthetic data. However, there is a significant limitation in traditional image translation methods. It is that generated images are inconsistent on semantic information to their original images. To handle this limitation, we propose an image translation with applying transfer learning to keep semantic information. There are two steps to train the proposed network. First, the segmentation network is trained on the source domain, i.e., daytime. After that, we transfer the pretrained segmentation weights to the encoder of generator and retrain only the decoder of GANs for day-to-night image translation. Experimental results show that the proposed method can generate more semantic consistent nighttime images than traditional studies.",day night image translation,retain,"night, translation"
https://openalex.org/W2952808330,InverseFaceNet: Deep Monocular Inverse Face Rendering,2017,https://doi.org/10.48550/arxiv.1703.10956,http://arxiv.org/abs/1703.10956,11,"We introduce InverseFaceNet, a deep convolutional inverse rendering framework for faces that jointly estimates facial pose, shape, expression, reflectance and illumination from a single input image. By estimating all parameters from just a single image, advanced editing possibilities on a single face image, such as appearance editing and relighting, become feasible in real time. Most previous learning-based face reconstruction approaches do not jointly recover all dimensions, or are severely limited in terms of visual quality. In contrast, we propose to recover high-quality facial pose, shape, expression, reflectance and illumination using a deep neural network that is trained using a large, synthetically created training corpus. Our approach builds on a novel loss function that measures model-space similarity directly in parameter space and significantly improves reconstruction accuracy. We further propose a self-supervised bootstrapping process in the network training loop, which iteratively updates the synthetic training corpus to better reflect the distribution of real-world imagery. We demonstrate that this strategy outperforms completely synthetically trained networks. Finally, we show high-quality reconstructions and compare our approach to several state-of-the-art approaches.",single image relighting inverse rendering,retain,"relight, illumination, reflectance, inverse render"
https://openalex.org/W1929970069,"Utilizing radiation for smart robotic applications using visible, thermal, and polarization images.",2014,https://doi.org/10.18297/etd/888,https://doi.org/10.18297/etd/888,11,"The domain of this research is the use of computer vision methodologies in utilizing radiation for smart robotic applications for driving assistance. Radiation can be emitted by an object, reflected or transmitted. Understanding the nature and the properties of the radiation forming an image is essential in interpreting the information in that image which can then be used by a machine e.g. a smart vehicle to make a decision and perform an action. Throughout this work, different types of images are used to help a robotic vehicle make a decision and perform a certain action. This work presents three smart robotic applications; the first one deals with polarization images, the second one deals with thermal images and the third one deals with visible images. Each type of these images is formed by light (radiation) but in a way different from other types where the information embedded in an image depends on the way it was formed and how the light was generated. For polarization imaging, a direct method utilizing shading and polarization for unambiguous shape recovery without the need for nonlinear optimization routines is proposed. The proposed method utilizes simultaneously polarization and shading to find the surface normals, thus eliminating the reconstruction ambiguity. This can be useful to help a smart vehicle gain knowledge about the terrain surface geometry. Regarding thermal imaging, an automatic method for constructing an annotated thermal imaging pedestrian dataset is proposed. This is done by transferring detections from registered visible images simultaneously captured at day-time where pedestrian detection is well developed in visible images. Histogram of Oriented Gradients (HOG) features are extracted from the constructed dataset and then fed to a discriminatively trained deformable part based classifier that can be used to detect pedestrians at night. The resulting classifier was tested for night driving assistance and succeeded in detecting pedestrians even in the situations where visible imaging pedestrian detectors failed because of low light or glare of oncoming traffic. For visible images, a new feature based on HOG is proposed to be used for pedestrian detection. The proposed feature was augmented to two state of the art pedestrian detectors; the discriminatively trained Deformable Part based models (DPM) and the Integral Channel Features (ICF) using fast feature pyramids. The proposed approach is based on computing the image mixed partial derivatives to be used to redefine the gradients of some pixels and to reweigh the vote at all",night image synthesis camera noise glare reflection,retain,"night, glare, low light"
https://openalex.org/W3015882666,Speak2Label: Using Domain Knowledge for Creating a Large Scale Driver Gaze Zone Estimation Dataset,2021,https://doi.org/10.1109/iccvw54120.2021.00324,https://doi.org/10.1109/iccvw54120.2021.00324,11,"Labelling of human behavior analysis data is a complex and time consuming task. In this paper, a fully automatic technique for labelling an image based gaze behavior dataset for driver gaze zone estimation is proposed. Domain knowledge is added to the data recording paradigm and later labels are generated in an automatic manner using Speech To Text conversion (STT). In order to remove the noise in the STT process due to different illumination and ethnicity of subjects in our data, the speech frequency and energy are analysed. The resultant Driver Gaze in the Wild (DGW) dataset contains 586 recordings, captured during different times of the day including evenings. The large scale dataset contains 338 subjects with an age range of 18-63 years. As the data is recorded in different lighting conditions, an illumination robust layer is proposed in the Convolutional Neural Network (CNN). The extensive experiments show the variance in the dataset resembling real-world conditions and the effectiveness of the proposed CNN pipeline. The proposed network is also fine-tuned for the eye gaze prediction task, which shows the discriminativeness of the representation learnt by our network on the proposed DGW dataset. Project Page: https://sites.google.com/view/drivergazeprediction/home",night image synthesis camera noise glare reflection,retain,"illumination, noise"
https://openalex.org/W4392162816,Exploring semantic consistency in unpaired image translation to generate data for surgical applications,2024,https://doi.org/10.1007/s11548-024-03079-1,https://doi.org/10.1007/s11548-024-03079-1,11,"PURPOSE: In surgical computer vision applications, data privacy and expert annotation challenges impede the acquisition of labeled training data. Unpaired image-to-image translation techniques have been explored to automatically generate annotated datasets by translating synthetic images into a realistic domain. The preservation of structure and semantic consistency, i.e., per-class distribution during translation, poses a significant challenge, particularly in cases of semantic distributional mismatch. METHOD: This study empirically investigates various translation methods for generating data in surgical applications, explicitly focusing on semantic consistency. Through our analysis, we introduce a novel and simple combination of effective approaches, which we call ConStructS. The defined losses within this approach operate on multiple image patches and spatial resolutions during translation. RESULTS: Various state-of-the-art models were extensively evaluated on two challenging surgical datasets. With two different evaluation schemes, the semantic consistency and the usefulness of the translated images on downstream semantic segmentation tasks were evaluated. The results demonstrate the effectiveness of the ConStructS method in minimizing semantic distortion, with images generated by this model showing superior utility for downstream training. CONCLUSION: In this study, we tackle semantic inconsistency in unpaired image translation for surgical applications with minimal labeled data. The simple model (ConStructS) enhances consistency during translation and serves as a practical way of generating fully labeled and semantically consistent datasets at minimal cost. Our code is available at https://gitlab.com/nct_tso_public/constructs .",unpaired image translation structure preservation,retain,translation
https://openalex.org/W4387968014,Swin-UNIT: Transformer-based GAN for High-resolution Unpaired Image Translation,2023,https://doi.org/10.1145/3581783.3612518,https://doi.org/10.1145/3581783.3612518,11,"The transformer model has gained a lot of success in various computer vision tasks owing to its capacity of modeling long-range dependencies. However, its application has been limited in the area of high-resolution unpaired image translation using GANs due to the quadratic complexity with the spatial resolution of input features. In this paper, we propose a novel transformer-based GAN for high-resolution unpaired image translation named Swin-UNIT. A two-stage generator is designed which consists of a global style translation (GST) module and a recurrent detail supplement (RDS) module. The GST module focuses on translating low-resolution global features using the ability of self-attention. The RDS module offers quick information propagation from the global features to the detail features at a high resolution using cross-attention. Moreover, we customize a dual-branch discriminator to guide the generator. Extensive experiments demonstrate that our model achieves state-of-the-art results on the unpaired image translation tasks.",unpaired image translation structure preservation,retain,translation
https://openalex.org/W4221112813,GAN-Based Semantic-Aware Translation for Day-to-Night Images,2022,https://doi.org/10.1109/icce53296.2022.9730532,https://doi.org/10.1109/icce53296.2022.9730532,10,"Perception in autonomous driving has achieved robustness and high accuracy through deep learning. CNN-based methods require a large amount of data collection and annotation. However, most of the current datasets are built on daytime scenes, and there are few datasets for adverse conditions such as night-time. Recently, data augmentation by image-to-image translation using Generative Adversarial Networks (GANs) has attracted attention. GANs based image-to-image translation performs well for various image translation tasks. On the other hand, semantic information may be lost in problems with the significant domain gap, such as day and night. In this paper, we propose a semantic-aware image translation. This framework preserves semantic consistency by transfer learning a semantic segmentation network to GANs. Experimental results show that the proposed method achieved to generate natural night images compared to previous studies.",day night image translation,retain,"night, translation"
https://openalex.org/W4391930944,Semantic and Geometric-Aware Day-to-Night Image Translation Network,2024,https://doi.org/10.3390/s24041339,https://doi.org/10.3390/s24041339,10,"Autonomous driving systems heavily depend on perception tasks for optimal performance. However, the prevailing datasets are primarily focused on scenarios with clear visibility (i.e., sunny and daytime). This concentration poses challenges in training deep-learning-based perception models for environments with adverse conditions (e.g., rainy and nighttime). In this paper, we propose an unsupervised network designed for the translation of images from day-to-night to solve the ill-posed problem of learning the mapping between domains with unpaired data. The proposed method involves extracting both semantic and geometric information from input images in the form of attention maps. We assume that the multi-task network can extract semantic and geometric information during the estimation of semantic segmentation and depth maps, respectively. The image-to-image translation network integrates the two distinct types of extracted information, employing them as spatial attention maps. We compare our method with related works both qualitatively and quantitatively. The proposed method shows both qualitative and qualitative improvements in visual presentation over related work.",day night image translation,retain,"night, translation"
https://openalex.org/W4287244456,PhySG: Inverse Rendering with Spherical Gaussians for Physics-based\n Material Editing and Relighting,2021,https://doi.org/10.48550/arxiv.2104.00674,http://arxiv.org/abs/2104.00674,9,"We present PhySG, an end-to-end inverse rendering pipeline that includes a\nfully differentiable renderer and can reconstruct geometry, materials, and\nillumination from scratch from a set of RGB input images. Our framework\nrepresents specular BRDFs and environmental illumination using mixtures of\nspherical Gaussians, and represents geometry as a signed distance function\nparameterized as a Multi-Layer Perceptron. The use of spherical Gaussians\nallows us to efficiently solve for approximate light transport, and our method\nworks on scenes with challenging non-Lambertian reflectance captured under\nnatural, static illumination. We demonstrate, with both synthetic and real\ndata, that our reconstructions not only enable rendering of novel viewpoints,\nbut also physics-based appearance editing of materials and illumination.\n",single image relighting inverse rendering,retain,"relight, illumination, reflectance, inverse render"
https://openalex.org/W85797050,Progressive Photon Mapping on GPUs,2013,,http://hdl.handle.net/11250/253364,9,"Physically based rendering using ray tracing is capable of producing realistic images of much higher quality than other methods. However, the computational costs associated with exploring all paths of light are huge; it can take hours to render high quality images of complex scenes. Using graphics processing units has emerged as a popular way to speed up this process. The recent appearance of libraries like Nvidia's CUDA and OptiX make the processing power of modern GPUs more available than ever before.This project includes an overview of current photon mapping techniques. We present a complete render application based on photon mapping which runs entirely on the GPU. Several different photon map implementations suitable for modern GPU architectures are considered and evaluated. A uniform grid approach based on photon sorting on the GPU is found to be fast to construct and efficient for photon gathering.The application is extended to support volumetric effects like fog and smoke. Our implementation is tested on a set of benchmark scenes exhibiting phenomenon like global illumination, reflections and refractions, and participating volumetric media.A major contribution of this thesis is to demonstrate how recent advances in photon mapping can be used to render an image using many GPUs simultaneously. Our results show that we are able to get close to linear speedup employing up to six GPUs in a distributed system. We can emit up to 18 million photons per second on six Nvidia GTX 480 and generate images of our test scenes with little to no noise in a few minutes. Our implementation is straightforward to extend to a cluster of GPUs.",night image synthesis camera noise glare reflection,retain,"illumination, reflection, noise"
https://openalex.org/W4386071766,Complementary Intrinsics from Neural Radiance Fields and CNNs for Outdoor Scene Relighting,2023,https://doi.org/10.1109/cvpr52729.2023.01593,https://doi.org/10.1109/cvpr52729.2023.01593,8,"Relighting an outdoor scene is challenging due to the diverse illuminations and salient cast shadows. Intrinsic image decomposition on outdoor photo collections could partly solve this problem by weakly supervised labels with albedo and normal consistency from multiview stereo. With neural radiance fields (NeRF), editing the appearance code could produce more realistic results without interpreting the outdoor scene image formation explicitly. This paper proposes to complement the intrinsic estimation from volume rendering using NeRF and from inversing the photometric image formation model using convolutional neural networks (CNNs). The former produces richer and more reliable pseudo labels (cast shadows and sky appearances in addition to albedo and normal) for training the latter to predict interpretable and editable lighting parameters via a single-image prediction pipeline. We demonstrate the advantages of our method for both intrinsic image decomposition and relighting for various real outdoor scenes.",single image relighting inverse rendering,retain,"relight, illumination, intrinsic"
https://openalex.org/W2903434551,InverseRenderNet: Learning single image inverse rendering,2018,https://doi.org/10.48550/arxiv.1811.12328,https://orcid.org/0000-0002-6047-0413>,8,"We show how to train a fully convolutional neural network to perform inverse rendering from a single, uncontrolled image. The network takes an RGB image as input, regresses albedo and normal maps from which we compute lighting coefficients. Our network is trained using large uncontrolled image collections without ground truth. By incorporating a differentiable renderer, our network can learn from self-supervision. Since the problem is ill-posed we introduce additional supervision: 1. We learn a statistical natural illumination prior, 2. Our key insight is to perform offline multiview stereo (MVS) on images containing rich illumination variation. From the MVS pose and depth maps, we can cross project between overlapping views such that Siamese training can be used to ensure consistent estimation of photometric invariants. MVS depth also provides direct coarse supervision for normal map estimation. We believe this is the first attempt to use MVS supervision for learning inverse rendering.",single image relighting inverse rendering,retain,"illumination, inverse render"
https://openalex.org/W4388729870,Utility of Spectral Filtering to Improve the Reliability of Marine Fauna Detections from Drone-Based Monitoring,2023,https://doi.org/10.3390/s23229193,https://doi.org/10.3390/s23229193,8,"Monitoring marine fauna is essential for mitigating the effects of disturbances in the marine environment, as well as reducing the risk of negative interactions between humans and marine life. Drone-based aerial surveys have become popular for detecting and estimating the abundance of large marine fauna. However, sightability errors, which affect detection reliability, are still apparent. This study tested the utility of spectral filtering for improving the reliability of marine fauna detections from drone-based monitoring. A series of drone-based survey flights were conducted using three identical RGB (red-green-blue channel) cameras with treatments: (i) control (RGB), (ii) spectrally filtered with a narrow 'green' bandpass filter (transmission between 525 and 550 nm), and, (iii) spectrally filtered with a polarising filter. Video data from nine flights comprising dolphin groups were analysed using a machine learning approach, whereby ground-truth detections were manually created and compared to AI-generated detections. The results showed that spectral filtering decreased the reliability of detecting submerged fauna compared to standard unfiltered RGB cameras. Although the majority of visible contrast between a submerged marine animal and surrounding seawater (in our study, sites along coastal beaches in eastern Australia) is known to occur between 515-554 nm, isolating the colour input to an RGB sensor does not improve detection reliability due to a decrease in the signal to noise ratio, which affects the reliability of detections.",night image synthesis camera noise glare reflection,retain,noise
https://openalex.org/W4390505076,Illuminating the Roads: Night-to-Day Image Translation for Improved Visibility at Night,2024,https://doi.org/10.1007/978-3-031-51135-6_2,https://doi.org/10.1007/978-3-031-51135-6_2,7,,day night image translation,retain,"night, translation"
https://openalex.org/W4283818620,Anisotropic Fourier Features for Neural Image-Based Rendering and Relighting,2022,https://doi.org/10.1609/aaai.v36i3.20223,https://doi.org/10.1609/aaai.v36i3.20223,7,"Recent neural rendering techniques have greatly benefited image-based modeling and relighting tasks. They provide a continuous, compact, and parallelable representation by modeling the plenoptic function as multilayer perceptrons (MLPs). However, vanilla MLPs suffer from spectral biases on multidimensional datasets. Recent rescues based on isotropic Fourier features mapping mitigate the problem but still fall short of handling heterogeneity across different dimensions, causing imbalanced regression and visual artifacts such as excessive blurs. We present an anisotropic random Fourier features (RFF) mapping scheme to tackle spectral biases. We first analyze the influence of bandwidth from a different perspective: we show that the optimal bandwidth exhibits strong correlations with the frequency spectrum of the training data across various dimensions. We then introduce an anisotropic feature mapping scheme with multiple bandwidths to model the multidimensional signal characteristics. We further propose an efficient bandwidth searching scheme through iterative golden-section search that can significantly reduce the training overload from polynomial time to logarithm. Our anisotropic scheme directly applies to neural surface light-field rendering and image-based relighting. Comprehensive experiments show that our scheme can more faithfully model lighting conditions and object features as well as preserve fine texture details and smooth view transitions even when angular and spatial samples are highly imbalanced.",single image relighting inverse rendering,retain,relight
https://openalex.org/W4284675586,Analysis of Automotive Camera Sensor Noise Factors and Impact on Object Detection,2022,https://doi.org/10.36227/techrxiv.20199836,https://doi.org/10.36227/techrxiv.20199836,7,"Assisted and automated driving functions are increasingly deployed to support improved safety, efficiency, and enhance driver experience. However, there are still key technical challenges that need to be overcome, such as the degradation of perception sensor data due to noise factors. The quality of data being generated by sensors can directly impact the planning and control of the vehicle, which can affect the vehicle safety. This work builds on a recently proposed framework, analysing noise factors on automotive LiDAR sensors, and deploys it to camera sensors, focusing on the specific disturbed sensor outputs via a detailed analysis and classification of automotive camera specific noise sources (30 noise factors are identified and classified in this work). Moreover, the noise factor analysis has identified two omnipresent and independent noise factors (i.e. obstruction and windshield distortion). These noise factors have been modelled to generate noisy camera data; their impact on the perception step, based on deep neural networks, has been evaluated when the noise factors are applied independently and simultaneously. It is demonstrated that the performance degradation from the combination of noise factors is not simply the accumulated performance degradation from each single factor, which raises the importance of including the simultaneous analysis of multiple noise factors. Thus, the framework can support and enhance the use of simulation for development and testing of automated vehicles through careful consideration of the noise factors affecting camera data.",night image synthesis camera noise glare reflection,retain,noise
https://openalex.org/W4380135819,Flare7K++: Mixing Synthetic and Real Datasets for Nighttime Flare Removal and Beyond,2023,https://doi.org/10.48550/arxiv.2306.04236,http://arxiv.org/abs/2306.04236,7,"Artificial lights commonly leave strong lens flare artifacts on the images captured at night, degrading both the visual quality and performance of vision algorithms. Existing flare removal approaches mainly focus on removing daytime flares and fail in nighttime cases. Nighttime flare removal is challenging due to the unique luminance and spectrum of artificial lights, as well as the diverse patterns and image degradation of the flares. The scarcity of the nighttime flare removal dataset constraints the research on this crucial task. In this paper, we introduce Flare7K++, the first comprehensive nighttime flare removal dataset, consisting of 962 real-captured flare images (Flare-R) and 7,000 synthetic flares (Flare7K). Compared to Flare7K, Flare7K++ is particularly effective in eliminating complicated degradation around the light source, which is intractable by using synthetic flares alone. Besides, the previous flare removal pipeline relies on the manual threshold and blur kernel settings to extract light sources, which may fail when the light sources are tiny or not overexposed. To address this issue, we additionally provide the annotations of light sources in Flare7K++ and propose a new end-to-end pipeline to preserve the light source while removing lens flares. Our dataset and pipeline offer a valuable foundation and benchmark for future investigations into nighttime flare removal studies. Extensive experiments demonstrate that Flare7K++ supplements the diversity of existing flare datasets and pushes the frontier of nighttime flare removal towards real-world scenarios.",night image synthesis camera noise glare reflection,retain,night
https://openalex.org/W4392662280,Psychological and Visual Perception of Campus Lightscapes Based on Lightscape Walking Evaluation: A Case Study of Chongqing University in China,2024,https://doi.org/10.3390/buildings14030753,https://doi.org/10.3390/buildings14030753,7,"The creation of lightscapes in colleges and universities are of great significance in enhancing the perception of the campus environment, improving physical and mental health, and shaping humanistic connotations. This research aims to examine lightscape perceptions and impacts of different campuses. At Chongqing University A and B Campuses, lightscape walking experiments, subjective questionnaires, objective luminance measurements, and HDR picture processing were used to examine lightscape perception and factors. The relevance and differences in the perception of circadian lightscapes in the two campuses were analyzed using SPSS software. The study found: (1) natural lightscapes such as sky light, cloud shadow, and lake water reflection were the most popular during the daytime, while artificial lightscapes, such as decorative lighting of buildings, were positively evaluated at night; (2) the frequency of visits by a crowd directly impacts the ambiance of the environmental area; (3) males showed strong emotional awareness and social interaction skills in daytime, leading to increased social activity and stronger emotional responses, but no differences in nighttime; (4) optimal nighttime luminance enhances the overall perception satisfaction of the illumination; (5) the amount and arrangement of outdoor space, vegetation, minor landscape design, and service facilities all affect the perception of circadian lightscapes. In conclusion, design concepts and proposals of landscapes were suggested to optimize college and university lightscapes.",night image synthesis camera noise glare reflection,retain,"night, illumination, reflection"
https://openalex.org/W4404770175,MERLiN: Single-Shot Material Estimation and Relighting for Photometric Stereo,2024,https://doi.org/10.1007/978-3-031-73254-6_15,https://doi.org/10.1007/978-3-031-73254-6_15,6,,single image relighting inverse rendering,retain,relight
https://openalex.org/W4385521854,GAN Architecture Leveraging a Retinex Model With Colored Illumination for Low-Light Image Restoration,2023,https://doi.org/10.1109/access.2023.3301614,https://doi.org/10.1109/access.2023.3301614,6,"In this work, we study the restoration of low-light images with outdoor scenes without ground truth. Until now, approaches in the literature have avoided using the Retinex decomposition model in an unsupervised way or have added constraining priors on the searched components. We propose here to relax the constraint of a grayscale illumination of the Retinex model. Indeed, according to the physics of light, it should include a colored illumination. Resulting from this new decomposition model, we formulate a new deep learning-based architecture inspired by the style transfer methods. Our method enables us to visualize the illumination (i.e. a complex style with the same dimensions as an image) and the reflectance (i.e. the content). It achieves more visually pleasing components compared to the state-of-the-art i.e. without artifact, without noise amplification and without hallucination with a simple restoration for each of the components.",night image synthesis camera noise glare reflection,retain,"illumination, reflectance, noise, low-light"
https://openalex.org/W4313524862,Improving the Visibility at Night for Advanced Driver Assistance Systems Using Night-to-Day Image Translation,2022,https://doi.org/10.1109/slaai-icai56923.2022.10002695,https://doi.org/10.1109/slaai-icai56923.2022.10002695,5,"Automobile manufacturers are targeting to increase the safety of drivers and passengers by incorporating different Advanced Driver Assistance Systems (ADAS). Most of these ADAS are vision-based and in order to operate them properly, these systems require a clear vision which is challenging to acquire during the night. Considering this limitation, the study presented explores the possibility of translating night-time images to clear and visible day-time images which can be used for ADAS instead of poor-quality night-time images. Even though there exist many deep-learning-based techniques to transform images between two domains, most of them highly depend on pixel-to-pixel paired datasets during training. It is challenging to develop such a dataset, particularly in dynamic roadside environments. Hence, this study proposes unsupervised deep learning with the popular Cycle-GAN model to cater the problem. Another challenging task is accessing the quality of the Cycle-GAN generated images. Since there do not exist pixel-to-pixel paired images, to compare the quality of the regenerated images, Blind Referenceless Image Spatial Quality Evaluator (BRISQUE), a referenceless image quality evaluation technique, is utilised to evaluate the performance of the model. The synthesized output of the trained Cycle-GAN indicated an average BRISQUE score of 28.0416, whereas that of the original day-time images was 26.2156. This exhibits that the Cycle-GAN was able to generate synthesised day-time images with unpaired night images with significant similarity to the actual day-time images. The source code along with the dataset of this study is publicly available at https://www.github.com/isurushanaka/Unpaired-N2D.",day night image translation,retain,"night, translation"
https://openalex.org/W4404056951,Light the Way: An Enhanced Generative Adversarial Network Framework for Night-to-Day Image Translation With Improved Quality,2024,https://doi.org/10.1109/access.2024.3491792,https://doi.org/10.1109/access.2024.3491792,5,"Driving at night introduces considerable challenges due to reduced visibility, making it essential to explore techniques that enhance road information for drivers. With this purview, the research presents a technique to address visibility constraints faced during night-time driving, by converting night-time road images to day-time images using a supervised Generative Adversarial Network (GAN) model (NtD-GAN). Since paired images are required to train supervised GAN models, the research first exploits a novel approach for generating paired night-day datasets, as it is practically infeasible to collect such image pairs in a natural setting, owing to dynamic traffic environments. An innovative generator network architecture is proposed for the NtD-GAN. Furthermore, a new approach was proposed for generating and loading initial weights to expedite the NtD-GAN training. This initial weight assignment resulted in faster convergence of the NtD-GAN with significant improvement in Inception Score (IS) by 17.3%, in Structural Similarity Index (SSIM) by 5.5%, and in Naturalness Image Quality Evaluator (NIQE) by 10.3%. Moreover, the perceptual loss is introduced to the training loss function of the NtD-GAN to increase the visual quality of the reconstructed images. The experimental results also demonstrated a 0.23% increment in IS, a 0.07% reduction in Fréchet Inception Distance (FID), a 2.2% increment in SSIM, and a 7% reduction in Blind Referenceless Image Spatial Quality Evaluator (BRISQUE) compared to the NtD-GAN trained without perceptual loss. The comparison analysis with the benchmark models has demonstrated a significant improvement. For instance, in comparison to N2D-GAN, NtD-GAN has demonstrated a reduction in FID by 14.6%, an improvement in SSIM by 3.4%, an improvement in Peak Signal-to-Noise Ratio (PSNR) by 1.39 dB and a reduction in BRISQUE by 0.8%. The implementation of the NtD-GAN model is available athttps://github.com/isurushanaka/paired-N2D.",day night image translation,retain,"night, translation, noise"
https://openalex.org/W2991262107,A Neural Rendering Framework for Free-Viewpoint Relighting,2019,https://doi.org/10.48550/arxiv.1911.11530,http://arxiv.org/abs/1911.11530,5,"We present a novel Relightable Neural Renderer (RNR) for simultaneous view synthesis and relighting using multi-view image inputs. Existing neural rendering (NR) does not explicitly model the physical rendering process and hence has limited capabilities on relighting. RNR instead models image formation in terms of environment lighting, object intrinsic attributes, and light transport function (LTF), each corresponding to a learnable component. In particular, the incorporation of a physically based rendering process not only enables relighting but also improves the quality of view synthesis. Comprehensive experiments on synthetic and real data show that RNR provides a practical and effective solution for conducting free-viewpoint relighting.",single image relighting inverse rendering,retain,"relight, intrinsic"
https://openalex.org/W3195471471,Unpaired Night-To-Day Translation: Image Restoration And Style Transfer Under Low Illumination,2021,https://doi.org/10.1109/icip42928.2021.9506248,https://doi.org/10.1109/icip42928.2021.9506248,4,"The faint vision at low illumination affects the performance of intelligent surveillance systems and induces criminals to sin under the cover of darkness. Night-to-day translation is an ideal way to handle this problem, but hard to achieve due to the lack of information at night. We propose a novel approach that combines DCGAN(deep convolutional generative adversarial network) and image processing algorithms to find out the mapping from night to day. Images from night domain are enhanced with MSRCP(multi-scale retinex with chromaticity preservation) algorithm before they’re put into DCGAN to generate bright and clear daylight images without paired supervision. At the same time emerging issues of image atomization and local over-exposure are handled to ensure the quality of output. The experimental results show that our approach can be applied to different conditions and dig out sensitive information from the darkness.",day night image translation,retain,"night, illumination, translation"
https://openalex.org/W2768019148,Fuzzy-System-Based Detection of Pupil Center and Corneal Specular Reflection for a Driver-Gaze Tracking System Based on the Symmetrical Characteristics of Face and Facial Feature Points,2017,https://doi.org/10.3390/sym9110267,https://doi.org/10.3390/sym9110267,4,"Recently, many studies have actively dealt with the issue of driver-gaze tracking for monitoring the forward gaze and physical condition. Driver-gaze tracking is an effective method of measuring a driver’s inattention that is one of the major causes of traffic accidents. Among many gaze-tracking methods, the corneal specular reflection (SR)-based method becomes ineffective, unlike in an indoor environment, when a driver’s head rotates, which makes SR disappear from input images or disperses SR in the lachrymal gland or eyelid, thereby increasing the gaze-tracking error. Besides, since a driver’s eyes in a vehicle environment need to be captured in a wide range covering his head rotation, the eye region is captured in a relatively low resolution compared to face-only images taken in indoor environments at the same resolution, making pupil and corneal SR difficult to detect accurately. To solve these problems, we propose a fuzzy-system-based method for detecting a driver’s pupil and corneal SR for gaze tracking in a vehicle environment. Unlike existing studies detecting pupil and corneal SR in both eyes, the method proposed in this research uses the results of a fuzzy system based on two features considering the symmetrical characteristics of face and facial feature points to determine the status of a driver’s head rotation. Based on the output of the fuzzy system, the proposed method excludes the eye region, which is very likely to have a high error rate of detection due to excessive head rotation, from the detection process of the pupil and corneal SR. Accordingly, the proposed method detects pupil and corneal SR only in the eye region that apparently has a low detection error rate, thereby achieving accurate detection. We use 20,654 images capturing 15 subjects (including subjects wearing glasses), who gaze at pre-set fifteen regions in a vehicle, to measure the detection accuracy of the pupil and corneal SR for each region and the gaze tracking accuracy. Our experimental results show that the proposed method performs better than existing methods.",night image synthesis camera noise glare reflection,retain,reflection
https://openalex.org/W4412164112,Learning Rain Location Prior for Nighttime Deraining and Beyond,2025,https://doi.org/10.1109/tpami.2025.3586361,https://doi.org/10.1109/tpami.2025.3586361,4,"Most deraining methods work on day scenes while leaving nighttime deraining underexplored, where darkness and non-uniform illuminations pose additional challenges. Consequently, night rain has a quite different appearance varying by location and cannot be effectively handled. To accommodate this issue, we propose a Rain Location Prior (RLP) by implicitly learning it from rainy images to reflect rain location information and boost the performance of deraining models by prior injection. Then, we introduce a Rain Prior Injection Module (RPIM) with a multi-scale scheme to modulate it by attention and emphasize the features of rain streak areas for better injection efficiency. Finally, to alleviate the data scarcity issue and facilitate the research on nighttime deraining, we propose the GTAV-NightRain dataset by considering the interaction between rain streaks and non-uniform illuminations, and provide detailed instructions on data collection pipeline which is highly replicable and flexible to integrate challenging factors of rainy night in the future. Our method outperforms state-of-the-art backbone by 1.3 dB in PSNR and generalizes better on real data such as heavy rain and the presence of glow and glaring lights. Ablation studies are conducted to validate the effectiveness of each component and we visualize RLP to show good interpretability. Moreover, we apply our method to daytime deraining and desnow to show good generalizability on other location-dependent degradations. Our method is a step forward in nighttime deraining and the GTAV-NightRain dataset may become a good complement to previous datasets.",night image synthesis camera noise glare reflection,retain,"night, illumination"
https://openalex.org/W4382394905,Night-to-day thermal image translation for deep thermal place recognition,2023,https://doi.org/10.1007/s11370-023-00473-7,https://doi.org/10.1007/s11370-023-00473-7,3,,day night image translation,retain,"night, translation"
https://openalex.org/W4409275764,All‐frequency Full‐body Human Image Relighting,2025,https://doi.org/10.1111/cgf.70007,https://doi.org/10.1111/cgf.70007,3,"Abstract Relighting of human images enables post‐photography editing of lighting effects in portraits. The current mainstream approach uses neural networks to approximate lighting effects without explicitly accounting for the principle of physical shading. As a result, it often has difficulty representing high‐frequency shadows and shading. In this paper, we propose a two‐stage relighting method that can reproduce physically‐based shadows and shading from low to high frequencies. The key idea is to approximate an environment light source with a set of a fixed number of area light sources. The first stage employs supervised inverse rendering from a single image using neural networks and calculates physically‐based shading. The second stage then calculates shadow for each area light and sums up to render the final image. We propose to make soft shadow mapping differentiable for the area‐light approximation of environment lighting. We demonstrate that our method can plausibly reproduce all‐frequency shadows and shading caused by environment illumination, which have been difficult to reproduce using existing methods.",single image relighting inverse rendering,retain,"relight, illumination, inverse render"
https://openalex.org/W4378506712,MIPI 2023 Challenge on Nighttime Flare Removal: Methods and Results,2023,https://doi.org/10.48550/arxiv.2305.13770,http://arxiv.org/abs/2305.13770,3,"Developing and integrating advanced image sensors with novel algorithms in camera systems are prevalent with the increasing demand for computational photography and imaging on mobile platforms. However, the lack of high-quality data for research and the rare opportunity for in-depth exchange of views from industry and academia constrain the development of mobile intelligent photography and imaging (MIPI). With the success of the 1st MIPI Workshop@ECCV 2022, we introduce the second MIPI challenge including four tracks focusing on novel image sensors and imaging algorithms. In this paper, we summarize and review the Nighttime Flare Removal track on MIPI 2023. In total, 120 participants were successfully registered, and 11 teams submitted results in the final testing phase. The developed solutions in this challenge achieved state-of-the-art performance on Nighttime Flare Removal. A detailed description of all models developed in this challenge is provided in this paper. More details of this challenge and the link to the dataset can be found at https://mipi-challenge.org/MIPI2023/ .",night image synthesis camera noise glare reflection,retain,night
https://openalex.org/W4403023697,Day and Night City View Image Translations Using Cycle GAN,2024,https://doi.org/10.1109/raics61201.2024.10689989,https://doi.org/10.1109/raics61201.2024.10689989,2,"CycleGAN, a type of Generative Adversarial Networks (GANs), is used in this study to tackle the difficult problem of translating cityscape photographs between day and night settings. Day-to-night picture translation is changing well-lit daytime images into nocturnal landscapes using artificial lighting, unique color palettes, and atmospheric effects, and vice versa. Previously, this work required labour-intensive manual involvement or specialised picture algorithms, but deep learning and GANs have introduced automation and better quality to this industry. CycleGAN excels at unpaired picture translation, even when there are no obvious correspondences between daylight and nighttime datasets. It makes use of the idea of cycle consistency to ensure proper translation between picture domains. This study focuses on training a CycleGAN model and found encouraging results. Beyond technical aspects, this paper highlights practical applications spanning film production, gaming, urban planning, traffic management, photography, environmental impact assessment, and more. CycleGAN's adaptability offers opportunities to enhance realism, aesthetics, and decision-making across various domains. In summary, this research underscores the potential of CycleGAN in day-to-night image translation, unlocking new possibilities in visualizing urban environments and influencing diverse industries and applications.",day night image translation,retain,"night, translation"
https://openalex.org/W4393161552,DNIT: Enhancing Day-Night Image-to-Image Translation through Fine-Grained Feature Handling (Student Abstract),2024,https://doi.org/10.1609/aaai.v38i21.30474,https://doi.org/10.1609/aaai.v38i21.30474,2,"Existing image-to-image translation methods perform less satisfactorily in the ""day-night"" domain due to insufficient scene feature study. To address this problem, we propose DNIT, which performs fine-grained handling of features by a nighttime image preprocessing (NIP) module and an edge fusion detection (EFD) module. The NIP module enhances brightness while minimizing noise, facilitating extracting content and style features. Meanwhile, the EFD module utilizes two types of edge images as additional constraints to optimize the generator. Experimental results show that we can generate more realistic and higher-quality images compared to other methods, proving the effectiveness of our DNIT.",day night image translation,retain,"night, translation, noise"
https://openalex.org/W2275683264,ALAN 2013 – First International Conference on Artificial Light at Night,2013,https://doi.org/10.14279/depositonce-3835,https://depositonce.tu-berlin.de/handle/11303/4132,2,Der vorliegende Band stellt übersichtlich die Abstracts zu den Beiträgen auf der ALAN-Konferenz im Herbst 2013 in Berlin zur Verfügung. Der Band bietet somit einen umfassenden Überblick zu den aktuellen Forschungsfelder im Bereich Lichtverschmutzung: von ökologischen Aspekten über technische Entwicklungen bis zu gesellschaftlichen Auswirkungen.,night image synthesis camera noise glare reflection,retain,night
https://openalex.org/W4385341470,Nighttime Image Dehazing by Render,2023,https://doi.org/10.3390/jimaging9080153,https://doi.org/10.3390/jimaging9080153,2,"Nighttime image dehazing presents unique challenges due to the unevenly distributed haze caused by the color change of artificial light sources. This results in multiple interferences, including atmospheric light, glow, and direct light, which make the complex scattering haze interference difficult to accurately distinguish and remove. Additionally, obtaining pairs of high-definition data for fog removal at night is a difficult task. These challenges make nighttime image dehazing a particularly challenging problem to solve. To address these challenges, we introduced the haze scattering formula to more accurately express the haze in three-dimensional space. We also proposed a novel data synthesis method using the latest CG textures and lumen lighting technology to build scenes where various hazes can be seen clearly through ray tracing. We converted the complex 3D scattering relationship transformation into a 2D image dataset to better learn the mapping from 3D haze to 2D haze. Additionally, we improved the existing neural network and established a night haze intensity evaluation label based on the idea of optical PSF. This allowed us to adjust the haze intensity of the rendered dataset according to the intensity of the real haze image and improve the accuracy of dehazing. Our experiments showed that our data construction and network improvement achieved better visual effects, objective indicators, and calculation speed.",night image synthesis camera noise glare reflection,retain,night
https://openalex.org/W2598170252,"Art in the mirror: reflection in the work of Rauschenberg, Richter, Graham and Smithson",2004,,http://rave.ohiolink.edu/etdc/view?acc_num=osu1079947550,2,since the sixties through four case studies.By analyzing the mirrored and reflective work of Robert,night image synthesis camera noise glare reflection,retain,reflection
https://openalex.org/W4386995694,A Data Generation Method for Image Flare Removal Based on Similarity and Centrosymmetric Effect,2023,https://doi.org/10.3390/photonics10101072,https://doi.org/10.3390/photonics10101072,2,"Image pairs in under-illuminated scenes along with the presence of complex light sources often result in strong flare artifacts in images, affecting both image quality and the performance of downstream visual applications. Removing lens flare and ghosts is a challenging issue, particularly in low-light environments. Existing methods for flare removal are mainly restricted by inadequate simulation and real-world capture, resulting in singular categories of scattered flares and unavailable reflected ghosts. Therefore, a comprehensive deterioration procedure is crucial for generating a dataset for flare removal. We propose a methodology based on spatial position relationships for generating data pairs with flare deterioration, which is supported by theoretical analysis and real-world evaluation. Our procedure is comprehensive and realizes the similarity of scattered flares and the symmetric effect of reflected ghosts. We also construct a real-shot pipeline that respectively processes the effects of scattering and reflective flares, aiming to directly generate data for end-to-end methods. Experimental results demonstrate that our methodology adds diversity to existing flare datasets and constructs a comprehensive mapping procedure for flare data pairs. Our method facilitates the data-driven model to achieve better restoration in flare images and proposes a better evaluation system based on real shots, thus promoting progress in the area of real flare removal.",night image synthesis camera noise glare reflection,retain,low-light
https://openalex.org/W4411093788,CycleGAN for day-to-night image translation: a comparative study,2025,https://doi.org/10.11591/ijai.v14.i3.pp2347-2357,https://doi.org/10.11591/ijai.v14.i3.pp2347-2357,1,"Computer vision tasks often fail when applied to night images, because the models are usually trained using clear daytime images only. This creates the need to augment the data with more nighttime image for training to increase robustness. In this study, we consider day-to-night image translation using both traditional image processing approaches and deep learning models. This study employs a hybrid framework of traditional image processing followed by a CycleGANbased deep learning model for day-to-night image translation. We then conduct a comparative study on various generator architectures in our CycleGAN model. This research compares four different CycleGAN models; i.e., the orginal CycleGAN, feature pyramid network (FPN) based CycleGAN, the original U-Net vision transformer based UVCGAN, plus a modified UVCGAN with additional edge loss. The experimental results show that the orginal UVCGAN obtains an Frechet inception distance (FID) score of 16.68 and structural similarity index ´ measure (SSIM) of 0.42, leading in terms of FID. Meanwhile, FPN-CycleGAN obtains an FID score of 104.46 and SSIM score of 0.44, leading in terms of SSIM. Considering FPN-CycleGAN’s bad FID score and visual observation, we conclude that UVCGAN is more effective in generating synthetic nighttime images.",day night image translation,retain,"night, translation"
https://openalex.org/W4388406755,Enhancing Night-to-Day Image Translation with Semantic Prior and Reference Image Guidance,2023,https://doi.org/10.1007/978-3-031-47843-7_12,https://doi.org/10.1007/978-3-031-47843-7_12,1,,day night image translation,retain,"night, translation"
https://openalex.org/W4284701302,Analysis of Automotive Camera Sensor Noise Factors,2022,https://doi.org/10.36227/techrxiv.20199836.v1,https://doi.org/10.36227/techrxiv.20199836.v1,1,"Assisted and Automated Driving functions are increasingly deployed to support improved safety, efficiency, and enhance driver experience. However, there are still key technical challenges that need to be overcome as the degradation of perception sensor data due to noise factors. The quality of data being generated by sensors can directly impact the planning and control of the vehicle, which in turn can affect the vehicle safety. A framework to analyse noise factor effects on automotive environmental perception sensors has been recently proposed and applied to study the effects of noise factors on LiDAR sensors. This work builds on this framework, and deploys it to camera sensors, focusing on the specific disturbed sensor outputs via a detailed analysis and classification of camera specific noise sources. Moreover, the noise factor analysis has been used to identify two omnipresent and independent noise factors (i.e. obstruction and windshield distortion). These noise factors have been modelled to generate noisy camera data; their impact on the perception step, based on deep neural networks, has been evaluated when the noise factors are applied independently and simultaneously. It is demonstrated that the performance degradation from the combination of noise factors is not simply the accumulated performance degradation from each single factor, which raises the importance of including combination noise factor modelling and testing for performance analysis. Thus, through the findings here, the framework can enhance the use of simulation for development and testing of automated vehicles through careful consideration of the noise factors affecting camera data.",night image synthesis camera noise glare reflection,retain,noise
https://openalex.org/W2755214758,Error characterization for digital image correlation measurements in industrial environments,2017,,https://aaltodoc.aalto.fi/handle/123456789/27973,1,"Digital image correlation (DIC) is a non-contact, full field displacement measurement technique. It is primarily suited to making high precision and high accuracy measurements, and is therefore commonly used in laboratories for experimental work. However, in recent years, improvements to technology and commercial interest in the industrial internet have created the potential for methods such as DIC to be utilized widely in industry. This thesis makes a preliminary investigation of errors that are likely to occur when DIC is performed in an uncontrolled environment. The characteristics of displacement and strain field measurements affected by camera motion, changing focus and inconsistent illumination are compared. To achieve this, computer graphics software is used to simulate a scene in which a stationary plate is viewed by a stereo imaging system. Animations of systematic changes to camera position, focus and lighting are made, and a ray-tracing render engine is used to produce the resultant photo-realistic images. In later simulations, the plate is substituted for a cylinder in different orientations, to investigate how error characteristics vary with surface angle and distance. The DIC algorithms are found to be robust, allowing viable measurements even when significant changes are made to the imaging environment. Changes to illumination and focus are seen to produce random noise, most likely resulting from incorrect matching of subsets. Conversely, camera motion is seen to result in systematic error, with each transformation component displaying distinct characteristics. This observation is significant, since it indicates a possibility for identifying and correcting for such errors in industrial applications. Surface curvature is found to have minimal impact on the error characteristics for most camera transformations, but significant differences are observed for camera translations along the y-axis and rotations around the x-axis.",night image synthesis camera noise glare reflection,retain,"illumination, translation, noise"
https://openalex.org/W4400668419,PID: Physics-Informed Diffusion Model for Infrared Image Generation,2024,https://doi.org/10.48550/arxiv.2407.09299,http://arxiv.org/abs/2407.09299,1,"Infrared imaging technology has gained significant attention for its reliable sensing ability in low visibility conditions, prompting many studies to convert the abundant RGB images to infrared images. However, most existing image translation methods treat infrared images as a stylistic variation, neglecting the underlying physical laws, which limits their practical application. To address these issues, we propose a Physics-Informed Diffusion (PID) model for translating RGB images to infrared images that adhere to physical laws. Our method leverages the iterative optimization of the diffusion model and incorporates strong physical constraints based on prior knowledge of infrared laws during training. This approach enhances the similarity between translated infrared images and the real infrared domain without increasing extra training parameters. Experimental results demonstrate that PID significantly outperforms existing state-of-the-art methods. Our code is available at https://github.com/fangyuanmao/PID.",night image synthesis camera noise glare reflection,retain,translation
https://openalex.org/W2031489346,The Pascal Visual Object Classes (VOC) Challenge,2009,https://doi.org/10.1007/s11263-009-0275-4,https://doi.org/10.1007/s11263-009-0275-4,19975,,intrinsic image decomposition reflectance illumination,exclude,no mechanism relevant to scope
https://openalex.org/W2954996726,A survey on Image Data Augmentation for Deep Learning,2019,https://doi.org/10.1186/s40537-019-0197-0,https://doi.org/10.1186/s40537-019-0197-0,12985,"Deep convolutional neural networks have performed remarkably well on many Computer Vision tasks. However, these networks are heavily reliant on big data to avoid overfitting. Overfitting refers to the phenomenon when a network learns a function with very high variance such as to perfectly model the training data. Unfortunately, many application domains do not have access to big data, such as medical image analysis. This survey focuses on Data Augmentation, a data-space solution to the problem of limited data. Data Augmentation encompasses a suite of techniques that enhance the size and quality of training datasets such that better Deep Learning models can be built using them. The image augmentation algorithms discussed in this survey include geometric transformations, color space augmentations, kernel filters, mixing images, random erasing, feature space augmentation, adversarial training, generative adversarial networks, neural style transfer, and meta-learning. The application of augmentation methods based on GANs are heavily covered in this survey. In addition to augmentation techniques, this paper will briefly discuss other characteristics of Data Augmentation such as test-time augmentation, resolution impact, final dataset size, and curriculum learning. This survey will present existing methods for Data Augmentation, promising developments, and meta-level decisions for implementing Data Augmentation. Readers will understand how Data Augmentation can improve the performance of their models and expand limited datasets to take advantage of the capabilities of big data.",day night image translation,exclude,no mechanism relevant to scope
https://openalex.org/W4378212544,"Dictionary learning for integrative, multimodal and scalable single-cell analysis",2023,https://doi.org/10.1038/s41587-023-01767-y,https://doi.org/10.1038/s41587-023-01767-y,5338,,unpaired image translation structure preservation,exclude,no mechanism relevant to scope
https://openalex.org/W2790979755,Deep learning in agriculture: A survey,2018,https://doi.org/10.1016/j.compag.2018.02.016,https://doi.org/10.1016/j.compag.2018.02.016,4957,,day night image translation,exclude,no mechanism relevant to scope
https://openalex.org/W2023074414,Photoacoustic imaging in biomedicine,2006,https://doi.org/10.1063/1.2195024,https://doi.org/10.1063/1.2195024,2725,"Photoacoustic imaging (also called optoacoustic or thermoacoustic imaging) has the potential to image animal or human organs, such as the breast and the brain, with simultaneous high contrast and high spatial resolution. This article provides an overview of the rapidly expanding field of photoacoustic imaging for biomedical applications. Imaging techniques, including depth profiling in layered media, scanning tomography with focused ultrasonic transducers, image forming with an acoustic lens, and computed tomography with unfocused transducers, are introduced. Special emphasis is placed on computed tomography, including reconstruction algorithms, spatial resolution, and related recent experiments. Promising biomedical applications are discussed throughout the text, including (1) tomographic imaging of the skin and other superficial organs by laser-induced photoacoustic microscopy, which offers the critical advantages, over current high-resolution optical imaging modalities, of deeper imaging depth and higher absorption contrasts, (2) breast cancer detection by near-infrared light or radio-frequency–wave-induced photoacoustic imaging, which has important potential for early detection, and (3) small animal imaging by laser-induced photoacoustic imaging, which measures unique optical absorption contrasts related to important biochemical information and provides better resolution in deep tissues than optical imaging.",intrinsic image decomposition reflectance illumination,exclude,no mechanism relevant to scope
https://openalex.org/W1988386267,Medical hyperspectral imaging: a review,2014,https://doi.org/10.1117/1.jbo.19.1.010901,https://doi.org/10.1117/1.jbo.19.1.010901,2287,"Hyperspectral imaging (HSI) is an emerging imaging modality for medical applications, especially in disease diagnosis and image-guided surgery. HSI acquires a three-dimensional dataset called hypercube, with two spatial dimensions and one spectral dimension. Spatially resolved spectral imaging obtained by HSI provides diagnostic information about the tissue physiology, morphology, and composition. This review paper presents an overview of the literature on medical hyperspectral imaging technology and its applications. The aim of the survey is threefold: an introduction for those new to the field, an overview for those working in the field, and a reference for those searching for literature on a specific application.",intrinsic image decomposition reflectance illumination,exclude,no mechanism relevant to scope
https://openalex.org/W2044093857,The Keck Low-Resolution Imaging Spectrometer,1995,https://doi.org/10.1086/133562,https://doi.org/10.1086/133562,2147,The Low Resolution Imaging Spectrometer (LRIS) for the Cassegrain focus of the Keck 10-meter telescope on Mauna Kea is described. It has an imaging mode so it can also be used for taking direct images. The field of view in both spectrographic and imaging modes is 6 by 7.8 arcmin. It can be used with both conventional slits and custom-punched slit masks. The optical quality of the spectrograph is good enough to take full advantage of the excellent imaging properties of the telescope itself. The detector is a cooled back-illuminated Tektronics Inc. 2048 CCD which gives a sampling rate of 4.685 pixels per arcsec. In the spectrographic mode the spectrograph has a maximum efficiency at the peak of the grating blaze of 32-34% for the two lowest resolution gratings and 28% for the 1200 g/mm grating. This efficiency includes the detector but not the telescope or the atmosphere.,day night image translation,exclude,no mechanism relevant to scope
https://openalex.org/W2169847880,Controlling waves in space and time for imaging and focusing in complex media,2012,https://doi.org/10.1038/nphoton.2012.88,https://doi.org/10.1038/nphoton.2012.88,1543,,intrinsic image decomposition reflectance illumination,exclude,no mechanism relevant to scope
https://openalex.org/W4387195417,Diffusion Models: A Comprehensive Survey of Methods and Applications,2023,https://doi.org/10.1145/3626235,https://doi.org/10.1145/3626235,1527,"Diffusion models have emerged as a powerful new family of deep generative models with record-breaking performance in many applications, including image synthesis, video generation, and molecule design. In this survey, we provide an overview of the rapidly expanding body of work on diffusion models, categorizing the research into three key areas: efficient sampling, improved likelihood estimation, and handling data with special structures. We also discuss the potential for combining diffusion models with other generative models for enhanced results. We further review the wide-ranging applications of diffusion models in fields spanning from computer vision, natural language processing, temporal data modeling, to interdisciplinary applications in other scientific disciplines. This survey aims to provide a contextualized, in-depth look at the state of diffusion models, identifying the key areas of focus and pointing to potential areas for further exploration. Github: https://github.com/YangLing0818/Diffusion-Models-Papers-Survey-Taxonomy",unpaired image translation structure preservation,exclude,no mechanism relevant to scope
https://openalex.org/W1910657905,SegNet: A Deep Convolutional Encoder-Decoder Architecture for Image Segmentation,2017,https://doi.org/10.1109/tpami.2016.2644615,https://doi.org/10.1109/tpami.2016.2644615,1524,"We present a novel and practical deep fully convolutional neural network architecture for semantic pixel-wise segmentation termed SegNet. This core trainable segmentation engine consists of an encoder network, a corresponding decoder network followed by a pixel-wise classification layer. The architecture of the encoder network is topologically identical to the 13 convolutional layers in the VGG16 network [1] . The role of the decoder network is to map the low resolution encoder feature maps to full input resolution feature maps for pixel-wise classification. The novelty of SegNet lies is in the manner in which the decoder upsamples its lower resolution input feature map(s). Specifically, the decoder uses pooling indices computed in the max-pooling step of the corresponding encoder to perform non-linear upsampling. This eliminates the need for learning to upsample. The upsampled maps are sparse and are then convolved with trainable filters to produce dense feature maps. We compare our proposed architecture with the widely adopted FCN [2] and also with the well known DeepLab-LargeFOV [3] , DeconvNet [4] architectures. This comparison reveals the memory versus accuracy trade-off involved in achieving good segmentation performance. SegNet was primarily motivated by scene understanding applications. Hence, it is designed to be efficient both in terms of memory and computational time during inference. It is also significantly smaller in the number of trainable parameters than other competing architectures and can be trained end-to-end using stochastic gradient descent. We also performed a controlled benchmark of SegNet and other architectures on both road scenes and SUN RGB-D indoor scene segmentation tasks. These quantitative assessments show that SegNet provides good performance with competitive inference time and most efficient inference memory-wise as compared to other architectures. We also provide a Caffe implementation of SegNet and a web demo at http://mi.eng.cam.ac.uk/projects/segnet.",day night image translation,exclude,no mechanism relevant to scope
https://openalex.org/W2119412403,Tensor Decompositions for Signal Processing Applications: From two-way to multiway component analysis,2015,https://doi.org/10.1109/msp.2013.2297439,https://doi.org/10.1109/msp.2013.2297439,1405,"The widespread use of multisensor technology and the emergence of big data sets have highlighted the limitations of standard flat-view matrix models and the necessity to move toward more versatile data analysis tools. We show that higher-order tensors (i.e., multiway arrays) enable such a fundamental paradigm shift toward models that are essentially polynomial, the uniqueness of which, unlike the matrix methods, is guaranteed under very mild and natural conditions. Benefiting from the power of multilinear algebra as their mathematical backbone, data analysis techniques using tensor decompositions are shown to have great flexibility in the choice of constraints which match data properties and extract more general latent components in the data than matrix-based methods.",intrinsic image decomposition reflectance illumination,exclude,no mechanism relevant to scope
https://openalex.org/W2031871723,A Review of Indocyanine Green Fluorescent Imaging in Surgery,2012,https://doi.org/10.1155/2012/940585,https://doi.org/10.1155/2012/940585,1350,"The purpose of this paper is to give an overview of the recent surgical intraoperational applications of indocyanine green fluorescence imaging methods, the basics of the technology, and instrumentation used. Well over 200 papers describing this technique in clinical setting are reviewed. In addition to the surgical applications, other recent medical applications of ICG are briefly examined.",intrinsic image decomposition reflectance illumination,exclude,no mechanism relevant to scope
https://openalex.org/W2765366036,"Hyperspectral Imaging: A Review on UAV-Based Sensors, Data Processing and Applications for Agriculture and Forestry",2017,https://doi.org/10.3390/rs9111110,https://doi.org/10.3390/rs9111110,1303,"Traditional imagery—provided, for example, by RGB and/or NIR sensors—has proven to be useful in many agroforestry applications. However, it lacks the spectral range and precision to profile materials and organisms that only hyperspectral sensors can provide. This kind of high-resolution spectroscopy was firstly used in satellites and later in manned aircraft, which are significantly expensive platforms and extremely restrictive due to availability limitations and/or complex logistics. More recently, UAS have emerged as a very popular and cost-effective remote sensing technology, composed of aerial platforms capable of carrying small-sized and lightweight sensors. Meanwhile, hyperspectral technology developments have been consistently resulting in smaller and lighter sensors that can currently be integrated in UAS for either scientific or commercial purposes. The hyperspectral sensors’ ability for measuring hundreds of bands raises complexity when considering the sheer quantity of acquired data, whose usefulness depends on both calibration and corrective tasks occurring in pre- and post-flight stages. Further steps regarding hyperspectral data processing must be performed towards the retrieval of relevant information, which provides the true benefits for assertive interventions in agricultural crops and forested areas. Considering the aforementioned topics and the goal of providing a global view focused on hyperspectral-based remote sensing supported by UAV platforms, a survey including hyperspectral sensors, inherent data processing and applications focusing both on agriculture and forestry—wherein the combination of UAV and hyperspectral sensors plays a center role—is presented in this paper. Firstly, the advantages of hyperspectral data over RGB imagery and multispectral data are highlighted. Then, hyperspectral acquisition devices are addressed, including sensor types, acquisition modes and UAV-compatible sensors that can be used for both research and commercial purposes. Pre-flight operations and post-flight pre-processing are pointed out as necessary to ensure the usefulness of hyperspectral data for further processing towards the retrieval of conclusive information. With the goal of simplifying hyperspectral data processing—by isolating the common user from the processes’ mathematical complexity—several available toolboxes that allow a direct access to level-one hyperspectral data are presented. Moreover, research works focusing the symbiosis between UAV-hyperspectral for agriculture and forestry applications are reviewed, just before the paper’s conclusions.",intrinsic image decomposition reflectance illumination,exclude,no mechanism relevant to scope
https://openalex.org/W2797665619,A randomized trial of normothermic preservation in liver transplantation,2018,https://doi.org/10.1038/s41586-018-0047-9,https://doi.org/10.1038/s41586-018-0047-9,1251,,unpaired image translation structure preservation,exclude,no mechanism relevant to scope
https://openalex.org/W2769210209,"Automatically identifying, counting, and describing wild animals in camera-trap images with deep learning",2018,https://doi.org/10.1073/pnas.1719367115,https://doi.org/10.1073/pnas.1719367115,1226,"Having accurate, detailed, and up-to-date information about the location and behavior of animals in the wild would improve our ability to study and conserve ecosystems. We investigate the ability to automatically, accurately, and inexpensively collect such data, which could help catalyze the transformation of many fields of ecology, wildlife biology, zoology, conservation biology, and animal behavior into ""big data"" sciences. Motion-sensor ""camera traps"" enable collecting wildlife pictures inexpensively, unobtrusively, and frequently. However, extracting information from these pictures remains an expensive, time-consuming, manual task. We demonstrate that such information can be automatically extracted by deep learning, a cutting-edge type of artificial intelligence. We train deep convolutional neural networks to identify, count, and describe the behaviors of 48 species in the 3.2 million-image Snapshot Serengeti dataset. Our deep neural networks automatically identify animals with >93.8% accuracy, and we expect that number to improve rapidly in years to come. More importantly, if our system classifies only images it is confident about, our system can automate animal identification for 99.3% of the data while still performing at the same 96.6% accuracy as that of crowdsourced teams of human volunteers, saving >8.4 y (i.e., >17,000 h at 40 h/wk) of human labeling effort on this 3.2 million-image dataset. Those efficiency gains highlight the importance of using deep neural networks to automate data extraction from camera-trap images, reducing a roadblock for this widely used technology. Our results suggest that deep learning could enable the inexpensive, unobtrusive, high-volume, and even real-time collection of a wealth of information about vast numbers of animals in the wild.",day night image translation,exclude,no mechanism relevant to scope
https://openalex.org/W2065863985,"Optical methods for sensing and imaging oxygen: materials, spectroscopies and applications",2014,https://doi.org/10.1039/c4cs00039k,https://doi.org/10.1039/c4cs00039k,1131,"We review the current state of optical methods for sensing oxygen. These have become powerful alternatives to electrochemical detection and in the process of replacing the Clark electrode in many fields. The article (with 694 references) is divided into main sections on direct spectroscopic sensing of oxygen, on absorptiometric and luminescent probes, on polymeric matrices and supports, on additives and related materials, on spectroscopic schemes for read-out and imaging, and on sensing formats (such as waveguide sensing, sensor arrays, multiple sensors and nanosensors). We finally discuss future trends and applications and summarize the properties of the most often used indicator probes and polymers. The ESI† (with 385 references) gives a selection of specific applications of such sensors in medicine, biology, marine and geosciences, intracellular sensing, aerodynamics, industry and biotechnology, among others.",intrinsic image decomposition reflectance illumination,exclude,no mechanism relevant to scope
https://openalex.org/W3047057232,Image Matching from Handcrafted to Deep Features: A Survey,2020,https://doi.org/10.1007/s11263-020-01359-2,https://doi.org/10.1007/s11263-020-01359-2,989,"Abstract As a fundamental and critical task in various visual applications, image matching can identify then correspond the same or similar structure/content from two or more images. Over the past decades, growing amount and diversity of methods have been proposed for image matching, particularly with the development of deep learning techniques over the recent years. However, it may leave several open questions about which method would be a suitable choice for specific applications with respect to different scenarios and task requirements and how to design better image matching methods with superior performance in accuracy, robustness and efficiency. This encourages us to conduct a comprehensive and systematic review and analysis for those classical and latest techniques. Following the feature-based image matching pipeline, we first introduce feature detection, description, and matching techniques from handcrafted methods to trainable ones and provide an analysis of the development of these methods in theory and practice. Secondly, we briefly introduce several typical image matching-based applications for a comprehensive understanding of the significance of image matching. In addition, we also provide a comprehensive and objective comparison of these classical and latest techniques through extensive experiments on representative datasets. Finally, we conclude with the current status of image matching technologies and deliver insightful discussions and prospects for future works. This survey can serve as a reference for (but not limited to) researchers and engineers in image matching and related fields.",day night image translation | intrinsic image decomposition reflectance illumination,exclude,no mechanism relevant to scope
https://openalex.org/W1553198783,Fluorescence imaging with near-infrared light: new technological advances that enable in vivo molecular imaging,2003,https://doi.org/10.1007/s00330-002-1524-x,https://doi.org/10.1007/s00330-002-1524-x,981,,intrinsic image decomposition reflectance illumination,exclude,no mechanism relevant to scope
https://openalex.org/W2027686843,"The Gemini–North Multi‐Object Spectrograph: Performance in Imaging, Long‐Slit, and Multi‐Object Spectroscopic Modes",2004,https://doi.org/10.1086/383624,https://doi.org/10.1086/383624,878,"Results of the commissioning of the first Gemini Multi‐Object Spectrograph (GMOS) are described. GMOS and the Gemini–North telescope act as a complete system to exploit a large 8 m aperture with improved image quality. Key GMOS design features such as the on‐instrument wave‐front sensor (OIWFS) and active flexure compensation system maintain very high image quality and stability, allowing precision observations of many targets simultaneously while reducing the need for frequent recalibration and reacquisition of targets. In this paper, example observations in imaging, long‐slit, and multiobject spectroscopic modes are presented and verified by comparison with data from the literature. The expected high throughput of GMOS is confirmed from standard star observations; it peaks at about 60% when imaging in the r ' and i ' bands, and at 45%–50% in spectroscopic mode at 6300 Å. Deep GMOS photometry in the g ' , r ' , and i ' filters is compared to data from the literature, and the uniformity of this photometry across the GMOS field is verified. The multiobject spectroscopic mode is demonstrated by observations of the galaxy cluster A383. Centering of objects in the multislit mask was achieved to an rms accuracy of 80 mas across the 5 5 field, and an optimized setup procedure (now in regular use) improves this to better than 50 mas. Stability during these observations was high, as expected: the average shift between object and slit positions was 5.3 mas hr −1 , and the wavelength scale drifted by only 0.1 Å hr −1 (in a setup with spectral resolution of 6 Å). Finally, the current status of GMOS on Gemini–North is summarized, and future plans are outlined.",day night image translation,exclude,no mechanism relevant to scope
https://openalex.org/W2919338369,Machine-learning reprogrammable metasurface imager,2019,https://doi.org/10.1038/s41467-019-09103-2,https://doi.org/10.1038/s41467-019-09103-2,598,"Conventional microwave imagers usually require either time-consuming data acquisition, or complicated reconstruction algorithms for data post-processing, making them largely ineffective for complex in-situ sensing and monitoring. Here, we experimentally report a real-time digital-metasurface imager that can be trained in-situ to generate the radiation patterns required by machine-learning optimized measurement modes. This imager is electronically reprogrammed in real time to access the optimized solution for an entire data set, realizing storage and transfer of full-resolution raw data in dynamically varying scenes. High-accuracy image coding and recognition are demonstrated in situ for various image sets, including hand-written digits and through-wall body gestures, using a single physical hardware imager, reprogrammed in real time. Our electronically controlled metasurface imager opens new venues for intelligent surveillance, fast data acquisition and processing, imaging at various frequencies, and beyond.",intrinsic image decomposition reflectance illumination,exclude,no mechanism relevant to scope
https://openalex.org/W2753630964,Light Field Image Processing: An Overview,2017,https://doi.org/10.1109/jstsp.2017.2747126,https://doi.org/10.1109/jstsp.2017.2747126,593,"Light field imaging has emerged as a technology allowing to capture richer visual information from our world. As opposed to traditional photography, which captures a 2D projection of the light in the scene integrating the angular domain, light fields collect radiance from rays in all directions, demultiplexing the angular information lost in conventional photography. On the one hand, this higher dimensional representation of visual data offers powerful capabilities for scene understanding, and substantially improves the performance of traditional computer vision problems such as depth sensing, post-capture refocusing, segmentation, video stabilization, material classification, etc. On the other hand, the high-dimensionality of light fields also brings up new challenges in terms of data capture, data compression, content editing, and display. Taking these two elements together, research in light field image processing has become increasingly popular in the computer vision, computer graphics, and signal processing communities. In this paper, we present a comprehensive overview and discussion of research in this field over the past 20 years. We focus on all aspects of light field image processing, including basic light field representation and theory, acquisition, super-resolution, depth estimation, compression, editing, processing algorithms for light field display, and computer vision applications of light field data. Wu, Gaochang; Masia, Belen; Jarabo, Adrian; Zhang, Yuchen; Wang, Liangyong; Dai, Qionghai; Chai, Tianyou; Liu, Yebin",intrinsic image decomposition reflectance illumination | single image relighting inverse rendering,exclude,no mechanism relevant to scope
https://openalex.org/W2013538446,Translating the Devil: Religion and Modernity among the Ewe in Ghana,2000,https://doi.org/10.1525/ae.2000.27.3.775,https://doi.org/10.1525/ae.2000.27.3.775,540,"Translating the Devil: Religion and Modernity among the Ewe in Ghana. Birgit Meyer. Edinburgh: University of Edinburgh Press, 1999. ix. 265 pp., maps, tables, appendix, notes, glossary, bibliography, index.",day night image translation,exclude,no mechanism relevant to scope
https://openalex.org/W3211317523,Transparency of deep neural networks for medical image analysis: A review of interpretability methods,2021,https://doi.org/10.1016/j.compbiomed.2021.105111,https://doi.org/10.1016/j.compbiomed.2021.105111,499,"Artificial Intelligence (AI) has emerged as a useful aid in numerous clinical applications for diagnosis and treatment decisions. Deep neural networks have shown the same or better performance than clinicians in many tasks owing to the rapid increase in the available data and computational power. In order to conform to the principles of trustworthy AI, it is essential that the AI system be transparent, robust, fair, and ensure accountability. Current deep neural solutions are referred to as black-boxes due to a lack of understanding of the specifics concerning the decision-making process. Therefore, there is a need to ensure the interpretability of deep neural networks before they can be incorporated into the routine clinical workflow. In this narrative review, we utilized systematic keyword searches and domain expertise to identify nine different types of interpretability methods that have been used for understanding deep learning models for medical image analysis applications based on the type of generated explanations and technical similarities. Furthermore, we report the progress made towards evaluating the explanations produced by various interpretability methods. Finally, we discuss limitations, provide guidelines for using interpretability methods and future directions concerning the interpretability of deep neural networks for medical imaging analysis.",unpaired image translation structure preservation,exclude,no mechanism relevant to scope
https://openalex.org/W2964008635,Style Transfer in Text: Exploration and Evaluation,2018,https://doi.org/10.1609/aaai.v32i1.11330,https://doi.org/10.1609/aaai.v32i1.11330,484,"The ability to transfer styles of texts or images, is an important measurement of the advancement of artificial intelligence (AI). However, the progress in language style transfer is lagged behind other domains, such as computer vision, mainly because of the lack of parallel data and reliable evaluation metrics. In response to the challenge of lacking parallel data, we explore learning style transfer from non-parallel data. We propose two models to achieve this goal. The key idea behind the proposed models is to learn separate content representations and style representations using adversarial networks. Considering the problem of lacking principle evaluation metrics, we propose two novel evaluation metrics that measure two aspects of style transfer: transfer strength and content preservation. We benchmark our models and the evaluation metrics on two style transfer tasks: paper-news title transfer, and positive-negative review transfer. Results show that the proposed content preservation metric is highly correlate to human judgments, and the proposed models are able to generate sentences with similar content preservation score but higher style transfer strength comparing to auto-encoder.",unpaired image translation structure preservation,exclude,no mechanism relevant to scope
https://openalex.org/W4392699793,Federated learning for medical image analysis: A survey,2024,https://doi.org/10.1016/j.patcog.2024.110424,https://doi.org/10.1016/j.patcog.2024.110424,466,,unpaired image translation structure preservation,exclude,no mechanism relevant to scope
https://openalex.org/W4390875033,Deep Industrial Image Anomaly Detection: A Survey,2024,https://doi.org/10.1007/s11633-023-1459-z,https://doi.org/10.1007/s11633-023-1459-z,392,"Abstract The recent rapid development of deep learning has laid a milestone in industrial image anomaly detection (IAD). In this paper, we provide a comprehensive review of deep learning-based image anomaly detection techniques, from the perspectives of neural network architectures, levels of supervision, loss functions, metrics and datasets. In addition, we extract the promising setting from industrial manufacturing and review the current IAD approaches under our proposed setting. Moreover, we highlight several opening challenges for image anomaly detection. The merits and downsides of representative network architectures under varying supervision are discussed. Finally, we summarize the research findings and point out future research directions. More resources are available at https://github.com/M-3LAB/awesome-industrial-anomaly-detection .",unpaired image translation structure preservation,exclude,no mechanism relevant to scope
https://openalex.org/W2134573308,"Tuning of synapse number, structure and function in the cochlea",2009,https://doi.org/10.1038/nn.2293,https://doi.org/10.1038/nn.2293,358,,unpaired image translation structure preservation,exclude,no mechanism relevant to scope
https://openalex.org/W4384341111,Deep Learning for Medical Image-Based Cancer Diagnosis,2023,https://doi.org/10.3390/cancers15143608,https://doi.org/10.3390/cancers15143608,341,"(1) Background: The application of deep learning technology to realize cancer diagnosis based on medical images is one of the research hotspots in the field of artificial intelligence and computer vision. Due to the rapid development of deep learning methods, cancer diagnosis requires very high accuracy and timeliness as well as the inherent particularity and complexity of medical imaging. A comprehensive review of relevant studies is necessary to help readers better understand the current research status and ideas. (2) Methods: Five radiological images, including X-ray, ultrasound (US), computed tomography (CT), magnetic resonance imaging (MRI), positron emission computed tomography (PET), and histopathological images, are reviewed in this paper. The basic architecture of deep learning and classical pretrained models are comprehensively reviewed. In particular, advanced neural networks emerging in recent years, including transfer learning, ensemble learning (EL), graph neural network, and vision transformer (ViT), are introduced. Five overfitting prevention methods are summarized: batch normalization, dropout, weight initialization, and data augmentation. The application of deep learning technology in medical image-based cancer analysis is sorted out. (3) Results: Deep learning has achieved great success in medical image-based cancer diagnosis, showing good results in image classification, image reconstruction, image detection, image segmentation, image registration, and image synthesis. However, the lack of high-quality labeled datasets limits the role of deep learning and faces challenges in rare cancer diagnosis, multi-modal image fusion, model explainability, and generalization. (4) Conclusions: There is a need for more public standard databases for cancer. The pre-training model based on deep neural networks has the potential to be improved, and special attention should be paid to the research of multimodal data fusion and supervised paradigm. Technologies such as ViT, ensemble learning, and few-shot learning will bring surprises to cancer diagnosis based on medical images.",unpaired image translation structure preservation,exclude,no mechanism relevant to scope
https://openalex.org/W2966516593,An Experimental-Based Review of Image Enhancement and Image Restoration Methods for Underwater Imaging,2019,https://doi.org/10.1109/access.2019.2932130,https://doi.org/10.1109/access.2019.2932130,311,"Underwater images play a key role in ocean exploration but often suffer from severe quality degradation due to light absorption and scattering in water medium. Although major breakthroughs have been made recently in the general area of image enhancement and restoration, the applicability of new methods for improving the quality of underwater images has not specifically been captured. In this paper, we review the image enhancement and restoration methods that tackle typical underwater image impairments, including some extreme degradations and distortions. First, we introduce the key causes of quality reduction in underwater images, in terms of the underwater image formation model (IFM). Then, we review underwater restoration methods, considering both the IFM-free and the IFM-based approaches. Next, we present an experimental-based comparative evaluation of the state-of-the-art IFM-free and IFM-based methods, considering also the prior-based parameter estimation algorithms of the IFM-based methods, using both subjective and objective analyses (the used code is freely available at https://github.com/wangyanckxx/Single-Underwater-Image-Enhancement-and-Color-Restoration). Starting from this paper, we pinpoint the key shortcomings of existing methods, drawing recommendations for future research in this area. Our review of underwater image enhancement and restoration provides researchers with the necessary background to appreciate challenges and opportunities in this important field.",unpaired image translation structure preservation,exclude,no mechanism relevant to scope
https://openalex.org/W4285600783,Unsupervised Misaligned Infrared and Visible Image Fusion via Cross-Modality Image Generation and Registration,2022,https://doi.org/10.24963/ijcai.2022/487,https://doi.org/10.24963/ijcai.2022/487,303,"Recent learning-based image fusion methods have marked numerous progress in pre-registered multi-modality data, but suffered serious ghosts dealing with misaligned multi-modality data, due to the spatial deformation and the difficulty narrowing cross-modality discrepancy. To overcome the obstacles, in this paper, we present a robust cross-modality generation-registration paradigm for unsupervised misaligned infrared and visible image fusion (IVIF). Specifically, we propose a Cross-modality Perceptual Style Transfer Network (CPSTN) to generate a pseudo infrared image taking a visible image as input. Benefiting from the favorable geometry preservation ability of the CPSTN, the generated pseudo infrared image embraces a sharp structure, which is more conducive to transforming cross-modality image alignment into mono-modality registration coupled with the structure-sensitive of the infrared image. In this case, we introduce a Multi-level Refinement Registration Network (MRRN) to predict the displacement vector field between distorted and pseudo infrared images and reconstruct registered infrared image under the mono-modality setting. Moreover, to better fuse the registered infrared images and visible images, we present a feature Interaction Fusion Module (IFM) to adaptively select more meaningful features for fusion in the Dual-path Interaction Fusion Network (DIFN). Extensive experimental results suggest that the proposed method performs superior capability on misaligned cross-modality image fusion.",unpaired image translation structure preservation,exclude,no mechanism relevant to scope
https://openalex.org/W1985040949,Interhemispheric asymmetry of the electroencephalographic sleep patterns in dolphins,1977,https://doi.org/10.1016/0006-8993(77)90835-6,https://doi.org/10.1016/0006-8993(77)90835-6,298,,day night image translation,exclude,no mechanism relevant to scope
https://openalex.org/W2964019233,Geometry-Consistent Generative Adversarial Networks for One-Sided Unsupervised Domain Mapping,2019,https://doi.org/10.1109/cvpr.2019.00253,https://doi.org/10.1109/cvpr.2019.00253,248,"Unsupervised domain mapping aims to learn a function GXY to translate domain X to Y in the absence of paired examples. Finding the optimal GXY without paired data is an ill-posed problem, so appropriate constraints are required to obtain reasonable solutions. While some prominent constraints such as cycle consistency and distance preservation successfully constrain the solution space, they overlook the special properties of images that simple geometric transformations do not change the image's semantic structure. Based on this special property, we develop a geometry-consistent generative adversarial network (Gc-GAN), which enables one-sided unsupervised domain mapping. GcGAN takes the original image and its counterpart image transformed by a predefined geometric transformation as inputs and generates two images in the new domain coupled with the corresponding geometry-consistency constraint. The geometry-consistency constraint reduces the space of possible solutions while keep the correct solutions in the search space. Quantitative and qualitative comparisons with the baseline (GAN alone) and the state-of-the-art methods including CycleGAN [66] and DistanceGAN [5] demonstrate the effectiveness of our method.",unpaired image translation structure preservation,exclude,no mechanism relevant to scope
https://openalex.org/W2961363059,Semantic photo manipulation with a generative image prior,2019,https://doi.org/10.1145/3306346.3323023,https://doi.org/10.1145/3306346.3323023,201,"Despite the recent success of GANs in synthesizing images conditioned on inputs such as a user sketch, text, or semantic labels, manipulating the high-level attributes of an existing natural photograph with GANs is challenging for two reasons. First, it is hard for GANs to precisely reproduce an input image. Second, after manipulation, the newly synthesized pixels often do not fit the original image. In this paper, we address these issues by adapting the image prior learned by GANs to image statistics of an individual image. Our method can accurately reconstruct the input image and synthesize new content, consistent with the appearance of the input image. We demonstrate our interactive system on several semantic image editing tasks, including synthesizing new objects consistent with background, removing unwanted objects, and changing the appearance of an object. Quantitative and qualitative comparisons against several existing methods demonstrate the effectiveness of our method.",single image relighting inverse rendering,exclude,no mechanism relevant to scope
https://openalex.org/W2959170286,Disentangled representation learning in cardiac image analysis,2019,https://doi.org/10.1016/j.media.2019.101535,https://doi.org/10.1016/j.media.2019.101535,200,,unpaired image translation structure preservation,exclude,no mechanism relevant to scope
https://openalex.org/W2517760358,Quantitative phase imaging for medical diagnosis,2016,https://doi.org/10.1002/jbio.201600113,https://doi.org/10.1002/jbio.201600113,177,"Optical microscopy is an indispensable diagnostic tool in modern healthcare. As a prime example, pathologists rely exclusively on light microscopy to investigate tissue morphology in order to make a diagnosis. While advances in light microscopy and contrast markers allow pathologists to visualize cells and tissues in unprecedented detail, the interpretation of these images remains largely subjective, leading to inter- and intra-observer discrepancy. Furthermore, conventional microscopy images capture qualitative information which makes it difficult to automate the process, reducing the throughput achievable in the diagnostic workflow. Quantitative Phase Imaging (QPI) techniques have been advanced in recent years to address these two challenges. By quantifying physical parameters of cells and tissues, these systems remove subjectivity from the disease diagnosis process and allow for easier automation to increase throughput. In addition to providing quantitative information, QPI systems are also label-free and can be easily assimilated into the current diagnostic workflow in the clinic. In this paper we review the advances made in disease diagnosis by QPI techniques. We focus on the areas of hematological diagnosis and cancer pathology, which are the areas where most significant advances have been made to date. [Image adapted from Y. Park, M. Diez-Silva, G. Popescu, G. Lykotrafitis, W. Choi, M. S. Feld, and S. Suresh, Proc. Natl. Acad. Sci. 105, 13730-13735 (2008).].",unpaired image translation structure preservation,exclude,no mechanism relevant to scope
https://openalex.org/W2891959861,Neural Rendering and Reenactment of Human Actor Videos,2019,https://doi.org/10.1145/3333002,https://doi.org/10.1145/3333002,174,"We propose a method for generating video-realistic animations of real humans under user control. In contrast to conventional human character rendering, we do not require the availability of a production-quality photo-realistic three-dimensional (3D) model of the human but instead rely on a video sequence in conjunction with a (medium-quality) controllable 3D template model of the person. With that, our approach significantly reduces production cost compared to conventional rendering approaches based on production-quality 3D models and can also be used to realistically edit existing videos. Technically, this is achieved by training a neural network that translates simple synthetic images of a human character into realistic imagery. For training our networks, we first track the 3D motion of the person in the video using the template model and subsequently generate a synthetically rendered version of the video. These images are then used to train a conditional generative adversarial network that translates synthetic images of the 3D model into realistic imagery of the human. We evaluate our method for the reenactment of another person that is tracked to obtain the motion data, and show video results generated from artist-designed skeleton motion. Our results outperform the state of the art in learning-based human image synthesis.",single image relighting inverse rendering,exclude,no mechanism relevant to scope
https://openalex.org/W1742181809,Image-based material editing,2005,https://doi.org/10.1145/1086057.1086187,https://doi.org/10.1145/1086057.1086187,173,No abstract available.,single image relighting inverse rendering,exclude,no mechanism relevant to scope
https://openalex.org/W2018537320,Self-Image and Performance in Children with Nocturnal Enuresis,2002,https://doi.org/10.1016/s0302-2838(02)00127-6,https://doi.org/10.1016/s0302-2838(02)00127-6,167,,day night image translation,exclude,no mechanism relevant to scope
https://openalex.org/W2964657045,Applications of Deep Learning to Neuro-Imaging Techniques,2019,https://doi.org/10.3389/fneur.2019.00869,https://doi.org/10.3389/fneur.2019.00869,164,"Many clinical applications based on deep learning and pertaining to radiology have been proposed and studied in radiology for classification, risk assessment, segmentation tasks, diagnosis, prognosis, and even prediction of therapy responses. There are many other innovative applications of AI in various technical aspects of medical imaging, particularly applied to the acquisition of images, ranging from removing image artifacts, normalizing/harmonizing images, improving image quality, lowering radiation and contrast dose, and shortening the duration of imaging studies. This article will address this topic and will seek to present an overview of deep learning applied to neuroimaging techniques.",unpaired image translation structure preservation,exclude,no mechanism relevant to scope
https://openalex.org/W4392173886,"Generative Adversarial Networks (GANs) in Medical Imaging: Advancements, Applications, and Challenges",2024,https://doi.org/10.1109/access.2024.3370848,https://doi.org/10.1109/access.2024.3370848,156,"Generative Adversarial Networks are a class of artificial intelligence algorithms that consist of a generator and a discriminator trained simultaneously through adversarial training. GANs have found crucial applications in various fields, including medical imaging. In healthcare, GANs contribute by generating synthetic medical images, enhancing data quality, and aiding in image segmentation, disease detection, and medical image synthesis. Their importance lies in their ability to generate realistic images, facilitating improved diagnostics, research, and training for medical professionals. Understanding its applications, algorithms, current advancements, and challenges is imperative for further advancement in the medical imaging domain. However, no study explores the recent state-of-the-art development of GANs in medical imaging. To overcome this research gap, in this extensive study, we began by exploring the vast array of applications of GANs in medical imaging, scrutinizing them within recent research. We then dive into the prevalent datasets and pre-processing techniques to enhance comprehension. Subsequently, an in-depth discussion of the GAN algorithms, elucidating their respective strengths and limitations, is provided. After that, we meticulously analyzed the results and experimental details of some recent cutting-edge research to obtain a more comprehensive understanding of the current development of GANs in medical imaging. Lastly, we discussed the diverse challenges encountered and future research directions to mitigate these concerns. This systematic review offers a complete overview of GANs in medical imaging, encompassing their application domains, models, state-of-the-art results analysis, challenges, and research directions, serving as a valuable resource for multidisciplinary studies.",unpaired image translation structure preservation,exclude,no mechanism relevant to scope
https://openalex.org/W4366494274,Image harmonization: A review of statistical and deep learning methods for removing batch effects and evaluation metrics for effective harmonization,2023,https://doi.org/10.1016/j.neuroimage.2023.120125,https://doi.org/10.1016/j.neuroimage.2023.120125,154,"Magnetic resonance imaging and computed tomography from multiple batches (e.g. sites, scanners, datasets, etc.) are increasingly used alongside complex downstream analyses to obtain new insights into the human brain. However, significant confounding due to batch-related technical variation, called batch effects, is present in this data; direct application of downstream analyses to the data may lead to biased results. Image harmonization methods seek to remove these batch effects and enable increased generalizability and reproducibility of downstream results. In this review, we describe and categorize current approaches in statistical and deep learning harmonization methods. We also describe current evaluation metrics used to assess harmonization methods and provide a standardized framework to evaluate newly-proposed methods for effective harmonization and preservation of biological information. Finally, we provide recommendations to end-users to advocate for more effective use of current methods and to methodologists to direct future efforts and accelerate development of the field.",unpaired image translation structure preservation,exclude,no mechanism relevant to scope
https://openalex.org/W3141929194,Unpaired Stain Transfer Using Pathology-Consistent Constrained Generative Adversarial Networks,2021,https://doi.org/10.1109/tmi.2021.3069874,https://doi.org/10.1109/tmi.2021.3069874,153,"Pathological examination is the gold standard for the diagnosis of cancer. Common pathological examinations include hematoxylin-eosin (H&E) staining and immunohistochemistry (IHC). In some cases, it is hard to make accurate diagnoses of cancer by referring only to H&E staining images. Whereas, the IHC examination can further provide enough evidence for the diagnosis process. Hence, the generation of virtual IHC images from H&E-stained images will be a good solution for current IHC examination hard accessibility issue, especially for some low-resource regions. However, existing approaches have limitations in microscopic structural preservation and the consistency of pathology properties. In addition, pixel-level paired data is hard available. In our work, we propose a novel adversarial learning method for effective Ki-67-stained image generation from corresponding H&E-stained image. Our method takes fully advantage of structural similarity constraint and skip connection to improve structural details preservation; and pathology consistency constraint and pathological representation network are first proposed to enforce the generated and source images hold the same pathological properties in different staining domains. We empirically demonstrate the effectiveness of our approach on two different unpaired histopathological datasets. Extensive experiments indicate the superior performance of our method that surpasses the state-of-the-art approaches by a significant margin. In addition, our approach also achieves a stable and good performance on unbalanced datasets, which shows our method has strong robustness. We believe that our method has significant potential in clinical virtual staining and advance the progress of computer-aided multi-staining histology image analysis.",unpaired image translation structure preservation,exclude,no mechanism relevant to scope
https://openalex.org/W4281762691,Advances in the design and manufacturing of novel freeform optics,2022,https://doi.org/10.1088/2631-7990/ac7617,https://doi.org/10.1088/2631-7990/ac7617,139,"Abstract Freeform optics has become the most prominent element of the optics industry. Advanced freeform optical designs supplementary to ultra-precision manufacturing and metrology techniques have upgraded the lifestyle, thinking, and observing power of existing humans. Imaginations related to space explorations, portability, accessibility have also witnessed sensible in today’s time with freeform optics. Present-day design methods and fabrications techniques applicable in the development of freeform optics and the market requirements are focussed and explained with the help of traditional and non-traditional optical applications. Over the years, significant research is performed in the emerging field of freeform optics, but no standards are established yet in terms of tolerances and definitions. We critically review the optical design methods for freeform optics considering the image forming and non-image forming applications. Numerous subtractive manufacturing technologies including figure correction methods and metrology have been developed to fabricate extreme modern freeform optics to satisfy the demands of various applications such as space, astronomy, earth science, defence, biomedical, material processing, surveillance, and many more. We described a variety of advanced technologies in manufacturing and metrology for novel freeform optics. Next, we also covered the manufacturing-oriented design scheme for advanced optics. We conclude this review with an outlook on the future of freeform optics design, manufacturing and metrology.",night image synthesis camera noise glare reflection,exclude,no mechanism relevant to scope
https://openalex.org/W4220688165,Polarimetric Imaging Through Scattering Media: A Review,2022,https://doi.org/10.3389/fphy.2022.815296,https://doi.org/10.3389/fphy.2022.815296,124,"Imaging in scattering media has been a challenging and important subject in optical science. In scattering media, the image quality is often severely degraded by the scattering and absorption effects owing to the small particles and the resulting nonuniform distribution of the intensity or polarization properties. This study reviews the recent development in polarimetric imaging techniques that address these challenges. Specifically, based on the polarization properties of the backscattering light, polarimetric methods can estimate the intensity level of the backscattering and the transmittance of the media. They can also separate the target signal from the undesired ones to achieve high-quality imaging. In addition, the different designs of the polarimetric imaging systems offer additional metrics, for example, the degree/angle of polarization, to recover images with high fidelity. We first introduce the physical degradation models in scattering media. Secondly, we apply the models in different polarimetric imaging systems, such as polarization difference, Stokes vector, Mueller matrix, and deep learning-based systems. Lastly, we provide a model selection guideline and future research directions in polarimetric imaging.",night image synthesis camera noise glare reflection,exclude,no mechanism relevant to scope
https://openalex.org/W2990431681,Photo-Realistic Facial Details Synthesis From Single Image,2019,https://doi.org/10.1109/iccv.2019.00952,https://doi.org/10.1109/iccv.2019.00952,113,"We present a single-image 3D face synthesis technique that can handle challenging facial expressions while recovering fine geometric details. Our technique employs expression analysis for proxy face geometry generation and combines supervised and unsupervised learning for facial detail synthesis. On proxy generation, we conduct emotion prediction to determine a new expression-informed proxy. On detail synthesis, we present a Deep Facial Detail Net (DFDN) based on Conditional Generative Adversarial Net (CGAN) that employs both geometry and appearance loss functions. For geometry, we capture 366 high-quality 3D scans from 122 different subjects under 3 facial expressions. For appearance, we use additional 163K in-the-wild face images and apply image-based rendering to accommodate lighting variations. Comprehensive experiments demonstrate that our framework can produce high-quality 3D faces with realistic details under challenging facial expressions.",single image relighting inverse rendering,exclude,no mechanism relevant to scope
https://openalex.org/W3214554068,Learning disentangled representations in the imaging domain,2022,https://doi.org/10.1016/j.media.2022.102516,https://doi.org/10.1016/j.media.2022.102516,96,"Disentangled representation learning has been proposed as an approach to learning general representations even in the absence of, or with limited, supervision. A good general representation can be fine-tuned for new target tasks using modest amounts of data, or used directly in unseen domains achieving remarkable performance in the corresponding task. This alleviation of the data and annotation requirements offers tantalising prospects for applications in computer vision and healthcare. In this tutorial paper, we motivate the need for disentangled representations, revisit key concepts, and describe practical building blocks and criteria for learning such representations. We survey applications in medical imaging emphasising choices made in exemplar key works, and then discuss links to computer vision applications. We conclude by presenting limitations, challenges, and opportunities.",unpaired image translation structure preservation,exclude,no mechanism relevant to scope
https://openalex.org/W2026791298,Structure-Function Correlation of the Human Central Retina,2010,https://doi.org/10.1371/journal.pone.0012864,http://hdl.handle.net/11343/270357,90,"BACKGROUND: The impact of retinal pathology detected by high-resolution imaging on vision remains largely unexplored. Therefore, the aim of the study was to achieve high-resolution structure-function correlation of the human macula in vivo. METHODOLOGY/PRINCIPAL FINDINGS: To obtain high-resolution tomographic and topographic images of the macula spectral-domain optical coherence tomography (SD-OCT) and confocal scanning laser ophthalmoscopy (cSLO), respectively, were used. Functional mapping of the macula was obtained by using fundus-controlled microperimetry. Custom software allowed for co-registration of the fundus mapped microperimetry coordinates with both SD-OCT and cSLO datasets. The method was applied in a cross-sectional observational study of retinal diseases and in a clinical trial investigating the effectiveness of intravitreal ranibizumab in macular telangietasia type 2. There was a significant relationship between outer retinal thickness and retinal sensitivity (p<0.001) and neurodegeneration leaving less than about 50 µm of parafoveal outer retinal thickness completely abolished light sensitivity. In contrast, functional preservation was found if neurodegeneration spared the photoreceptors, but caused quite extensive disruption of the inner retina. Longitudinal data revealed that small lesions affecting the photoreceptor layer typically precede functional detection but later cause severe loss of light sensitivity. Ranibizumab was shown to be ineffective to prevent such functional loss in macular telangietasia type 2. CONCLUSIONS/SIGNIFICANCE: Since there is a general need for efficient monitoring of the effectiveness of therapy in neurodegenerative diseases of the retina and since SD-OCT imaging is becoming more widely available, surrogate endpoints derived from such structure-function correlation may become highly relevant in future clinical trials.",unpaired image translation structure preservation,exclude,no mechanism relevant to scope
https://openalex.org/W4353072217,"Sensor Fusion in Autonomous Vehicle with Traffic Surveillance Camera System: Detection, Localization, and AI Networking",2023,https://doi.org/10.3390/s23063335,https://doi.org/10.3390/s23063335,89,"Complete autonomous systems such as self-driving cars to ensure the high reliability and safety of humans need the most efficient combination of four-dimensional (4D) detection, exact localization, and artificial intelligent (AI) networking to establish a fully automated smart transportation system. At present, multiple integrated sensors such as light detection and ranging (LiDAR), radio detection and ranging (RADAR), and car cameras are frequently used for object detection and localization in the conventional autonomous transportation system. Moreover, the global positioning system (GPS) is used for the positioning of autonomous vehicles (AV). These individual systems' detection, localization, and positioning efficiency are insufficient for AV systems. In addition, they do not have any reliable networking system for self-driving cars carrying us and goods on the road. Although the sensor fusion technology of car sensors came up with good efficiency for detection and location, the proposed convolutional neural networking approach will assist to achieve a higher accuracy of 4D detection, precise localization, and real-time positioning. Moreover, this work will establish a strong AI network for AV far monitoring and data transmission systems. The proposed networking system efficiency remains the same on under-sky highways as well in various tunnel roads where GPS does not work properly. For the first time, modified traffic surveillance cameras have been exploited in this conceptual paper as an external image source for AV and anchor sensing nodes to complete AI networking transportation systems. This work approaches a model that solves AVs' fundamental detection, localization, positioning, and networking challenges with advanced image processing, sensor fusion, feathers matching, and AI networking technology. This paper also provides an experienced AI driver concept for a smart transportation system with deep learning technology.",night image synthesis camera noise glare reflection,exclude,no mechanism relevant to scope
https://openalex.org/W3107566041,EpilepsyGAN: Synthetic Epileptic Brain Activities With Privacy Preservation,2020,https://doi.org/10.1109/tbme.2020.3042574,https://doi.org/10.1109/tbme.2020.3042574,67,"Epilepsy is a chronic neurological disorder affecting more than 65 million people worldwide and manifested by recurrent unprovoked seizures. The unpredictability of seizures not only degrades the quality of life of the patients, but it can also be life-threatening. Modern systems monitoring electroencephalography (EEG) signals are being currently developed with the view to detect epileptic seizures in order to alert caregivers and reduce the impact of seizures on patients' quality of life. Such seizure detection systems employ state-of-the-art machine learning algorithms that require a large amount of labeled personal data for training. However, acquiring EEG signals during epileptic seizures is a costly and time-consuming process for medical experts and patients. Furthermore, this data often contains sensitive personal information, presenting privacy concerns. In this work, we generate synthetic seizure-like brain electrical activities, i.e., EEG signals, that can be used to train seizure detection algorithms, alleviating the need for sensitive recorded data. Our experiments show that the synthetic seizure data generated with our GAN model succeeds at preserving the privacy of the patients without producing any degradation in performance during seizure monitoring.",unpaired image translation structure preservation,exclude,no mechanism relevant to scope
https://openalex.org/W4387666815,Adaptive preservation of orphan ribosomal proteins in chaperone-dispersed condensates,2023,https://doi.org/10.1038/s41556-023-01253-2,https://doi.org/10.1038/s41556-023-01253-2,56,,unpaired image translation structure preservation,exclude,no mechanism relevant to scope
https://openalex.org/W4317829445,TORC1 phosphorylates and inhibits the ribosome preservation factor Stm1 to activate dormant ribosomes,2023,https://doi.org/10.15252/embj.2022112344,https://doi.org/10.15252/embj.2022112344,54,,unpaired image translation structure preservation,exclude,no mechanism relevant to scope
https://openalex.org/W2956958106,Deferred Neural Rendering: Image Synthesis using Neural Textures,2019,https://doi.org/10.48550/arxiv.1904.12356,http://arxiv.org/abs/1904.12356,51,"The modern computer graphics pipeline can synthesize images at remarkable visual quality; however, it requires well-defined, high-quality 3D content as input. In this work, we explore the use of imperfect 3D content, for instance, obtained from photo-metric reconstructions with noisy and incomplete surface geometry, while still aiming to produce photo-realistic (re-)renderings. To address this challenging problem, we introduce Deferred Neural Rendering, a new paradigm for image synthesis that combines the traditional graphics pipeline with learnable components. Specifically, we propose Neural Textures, which are learned feature maps that are trained as part of the scene capture process. Similar to traditional textures, neural textures are stored as maps on top of 3D mesh proxies; however, the high-dimensional feature maps contain significantly more information, which can be interpreted by our new deferred neural rendering pipeline. Both neural textures and deferred neural renderer are trained end-to-end, enabling us to synthesize photo-realistic images even when the original 3D content was imperfect. In contrast to traditional, black-box 2D generative neural networks, our 3D representation gives us explicit control over the generated output, and allows for a wide range of application domains. For instance, we can synthesize temporally-consistent video re-renderings of recorded 3D scenes as our representation is inherently embedded in 3D space. This way, neural textures can be utilized to coherently re-render or manipulate existing video content in both static and dynamic environments at real-time rates. We show the effectiveness of our approach in several experiments on novel view synthesis, scene editing, and facial reenactment, and compare to state-of-the-art approaches that leverage the standard graphics pipeline as well as conventional generative neural networks.",single image relighting inverse rendering,exclude,no mechanism relevant to scope
https://openalex.org/W4388469674,Robust Cognitive Capability in Autonomous Driving Using Sensor Fusion Techniques: A Survey,2023,https://doi.org/10.1109/tits.2023.3327949,https://doi.org/10.1109/tits.2023.3327949,43,"Autonomous driving has become a prominent topic with the rise of intelligent urban vision in communities. Advancements in automated driving technology play a significant role in the intelligent transportation system. Autonomous vehicles (AVs) rely heavily on sensor technologies as they are responsible for navigating safely through their environment and avoiding obstacles. This paper aims to outline the vital role of sensor fusion in intelligent transportation systems. Sensor fusion is the process of combining data from multiple sensors to obtain more comprehensive measurements and greater cognitive abilities than a single sensor could achieve. By merging data from different sensors, it ensures that driving decisions are based on reliable data, with improved accuracy, reliability, and robustness in AVs. This paper provides a comprehensive review of AV capacity, impacts, planning, technological challenges, and omitted concerns. We used state-of-the-art evaluation tools to check the performance of different sensor fusion algorithms in AVs. This paper will help us to determine our position, direction, the impacts of AVs on society, the need for smart city mobility outcomes, and the way to solve the auto industry challenges in the future. The analysis of AV systems from the perspective of sensor fusion in this research is expected to be beneficial to current and future researchers.",night image synthesis camera noise glare reflection,exclude,no mechanism relevant to scope
https://openalex.org/W4312704232,Physically-Based Editing of Indoor Scene Lighting from a Single Image,2022,https://doi.org/10.1007/978-3-031-20068-7_32,https://doi.org/10.1007/978-3-031-20068-7_32,41,,single image relighting inverse rendering,exclude,no mechanism relevant to scope
https://openalex.org/W3137071915,FastNeRF: High-Fidelity Neural Rendering at 200FPS,2021,https://doi.org/10.1109/iccv48922.2021.01408,https://doi.org/10.1109/iccv48922.2021.01408,41,"Recent work on Neural Radiance Fields (NeRF) showed how neural networks can be used to encode complex 3D environments that can be rendered photorealistically from novel viewpoints. Rendering these images is very computationally demanding and recent improvements are still a long way from enabling interactive rates, even on high-end hardware. Motivated by scenarios on mobile and mixed reality devices, we propose FastNeRF, the first NeRF-based system capable of rendering high fidelity photorealistic images at 200Hz on a high-end consumer GPU. The core of our method is a graphics-inspired factorization that allows for (i) compactly caching a deep radiance map at each position in space, (ii) efficiently querying that map using ray directions to estimate the pixel values in the rendered image. Extensive experiments show that the proposed method is 3000 times faster than the original NeRF algorithm and at least an order of magnitude faster than existing work on accelerating NeRF, while maintaining visual quality and extensibility.",single image relighting inverse rendering,exclude,no mechanism relevant to scope
https://openalex.org/W4390466461,"Object Detection, Recognition, and Tracking Algorithms for ADASs—A Study on Recent Trends",2023,https://doi.org/10.3390/s24010249,https://doi.org/10.3390/s24010249,34,"Advanced driver assistance systems (ADASs) are becoming increasingly common in modern-day vehicles, as they not only improve safety and reduce accidents but also aid in smoother and easier driving. ADASs rely on a variety of sensors such as cameras, radars, lidars, and a combination of sensors, to perceive their surroundings and identify and track objects on the road. The key components of ADASs are object detection, recognition, and tracking algorithms that allow vehicles to identify and track other objects on the road, such as other vehicles, pedestrians, cyclists, obstacles, traffic signs, traffic lights, etc. This information is then used to warn the driver of potential hazards or used by the ADAS itself to take corrective actions to avoid an accident. This paper provides a review of prominent state-of-the-art object detection, recognition, and tracking algorithms used in different functionalities of ADASs. The paper begins by introducing the history and fundamentals of ADASs followed by reviewing recent trends in various ADAS algorithms and their functionalities, along with the datasets employed. The paper concludes by discussing the future of object detection, recognition, and tracking algorithms for ADASs. The paper also discusses the need for more research on object detection, recognition, and tracking in challenging environments, such as those with low visibility or high traffic density.",night image synthesis camera noise glare reflection,exclude,no mechanism relevant to scope
https://openalex.org/W2988120898,State of the Art in Vascular Biometrics,2019,https://doi.org/10.1007/978-3-030-27731-4_1,https://doi.org/10.1007/978-3-030-27731-4_1,28,"The investigation of vascular biometric traits has become increasingly popular during the last years. This book chapter provides a comprehensive discussion of the respective state of the art, covering hand-oriented techniques (finger vein, palm vein, (dorsal) hand vein and wrist vein recognition) as well as eye-oriented techniques (retina and sclera recognition). We discuss commercial sensors and systems, major algorithmic approaches in the recognition toolchain, available datasets, public competitions and open-source software, template protection schemes, presentation attack(s) (detection), sample quality assessment, mobile acquisition and acquisition on the move, and finally eventual disease impact on recognition and template privacy issues.",night image synthesis camera noise glare reflection,exclude,no mechanism relevant to scope
https://openalex.org/W3131986035,IBRNet: Learning Multi-View Image-Based Rendering,2021,https://doi.org/10.48550/arxiv.2102.13090,http://arxiv.org/abs/2102.13090,27,"We present a method that synthesizes novel views of complex scenes by interpolating a sparse set of nearby views. The core of our method is a network architecture that includes a multilayer perceptron and a ray transformer that estimates radiance and volume density at continuous 5D locations (3D spatial locations and 2D viewing directions), drawing appearance information on the fly from multiple source views. By drawing on source views at render time, our method hearkens back to classic work on image-based rendering (IBR), and allows us to render high-resolution imagery. Unlike neural scene representation work that optimizes per-scene functions for rendering, we learn a generic view interpolation function that generalizes to novel scenes. We render images using classic volume rendering, which is fully differentiable and allows us to train using only multi-view posed images as supervision. Experiments show that our method outperforms recent novel view synthesis methods that also seek to generalize to novel scenes. Further, if fine-tuned on each scene, our method is competitive with state-of-the-art single-scene neural rendering methods. Project page: https://ibrnet.github.io/",single image relighting inverse rendering,exclude,no mechanism relevant to scope
https://openalex.org/W3134932434,A Review of Detection and Removal of Raindrops in Automotive Vision Systems,2021,https://doi.org/10.3390/jimaging7030052,https://doi.org/10.3390/jimaging7030052,25,"Research on the effect of adverse weather conditions on the performance of vision-based algorithms for automotive tasks has had significant interest. It is generally accepted that adverse weather conditions reduce the quality of captured images and have a detrimental effect on the performance of algorithms that rely on these images. Rain is a common and significant source of image quality degradation. Adherent rain on a vehicle's windshield in the camera's field of view causes distortion that affects a wide range of essential automotive perception tasks, such as object recognition, traffic sign recognition, localization, mapping, and other advanced driver assist systems (ADAS) and self-driving features. As rain is a common occurrence and as these systems are safety-critical, algorithm reliability in the presence of rain and potential countermeasures must be well understood. This survey paper describes the main techniques for detecting and removing adherent raindrops from images that accumulate on the protective cover of cameras.",night image synthesis camera noise glare reflection,exclude,no mechanism relevant to scope
https://openalex.org/W4395052296,T-matrix methods for electromagnetic structured beams: A commented reference database for the period 2019–2023,2024,https://doi.org/10.1016/j.jqsrt.2024.109015,https://doi.org/10.1016/j.jqsrt.2024.109015,25,"The present paper pursues a fairly usual tradition basically devoted to reviews describing advances in some light scattering theories in which the illuminating beam is described using vector wave function expansions, with expansion coefficients known as beam shape coefficients. After the most recent review dealing with the period 2014-2018, the present review deals with the fiducial period 2019-2023. Relying on about 700 references, it discusses as well other light scattering approaches and applications to optical particle characterization techniques, therefore providing an overview of light scattering approaches and applications during half a decade.",night image synthesis camera noise glare reflection,exclude,no mechanism relevant to scope
https://openalex.org/W2101132672,Road curb and intersection detection using a 2D LMS,2003,https://doi.org/10.1109/irds.2002.1041355,https://doi.org/10.1109/irds.2002.1041355,24,"In most urban roads and similar environments, such as in theme parks, campus sites, industrial estates, science parks and the like, the painted lane markings that exist may not be easily discernible by CCD cameras due to poor lighting, bad weather conditions, and inadequate maintenance. An important feature of roads in such environments is the existence of pavements or curbs on either side defining the road boundaries. These curbs, which are mostly parallel to the road, can be harnessed to extract useful features of the road for implementing autonomous navigation or driver assistance systems. However, extraction of the curb or road edge feature using vision image data is a very formidable task as the curb is not conspicuous in the vision image. To extract the curb using vision data requires extensive image processing, heuristics and very favorable ambient lighting. In our approach, road curbs are extracted speedily using the range data provided by a 2D laser range measurement system (LMS). Experimental results are presented to demonstrate the viability and effectiveness of the proposed methodology and its robustness to different road configurations including road intersections.",night image synthesis camera noise glare reflection,exclude,no mechanism relevant to scope
https://openalex.org/W4225637713,Perception and Sensing for Autonomous Vehicles Under Adverse Weather Conditions: A Survey,2021,https://doi.org/10.48550/arxiv.2112.08936,http://arxiv.org/abs/2112.08936,24,"Automated Driving Systems (ADS) open up a new domain for the automotive industry and offer new possibilities for future transportation with higher efficiency and comfortable experiences. However, autonomous driving under adverse weather conditions has been the problem that keeps autonomous vehicles (AVs) from going to level 4 or higher autonomy for a long time. This paper assesses the influences and challenges that weather brings to ADS sensors in an analytic and statistical way, and surveys the solutions against inclement weather conditions. State-of-the-art techniques on perception enhancement with regard to each kind of weather are thoroughly reported. External auxiliary solutions, weather conditions coverage in currently available datasets, simulators, and experimental facilities with weather chambers are distinctly sorted out. Additionally, potential future ADS sensors candidates and approaches beyond common senses are provided. By looking into all kinds of major weather problems the autonomous driving field is currently facing, and reviewing both hardware and computer science solutions in recent years, this survey points out the main moving trends of adverse weather problems in autonomous driving, i.e., advanced sensor fusions, more sophisticated networks, and V2X & IoT technologies; and also the limitations brought by emerging 1550 nm LiDARs. In general, this work contributes a holistic overview of the obstacles and directions of ADS development in terms of adverse weather driving conditions.",night image synthesis camera noise glare reflection,exclude,no mechanism relevant to scope
https://openalex.org/W2980341453,The Role of an Architect in Creating the Image of an Elderly-Friendly Sustainable Smart City,2019,https://doi.org/10.3390/buildings9100223,https://doi.org/10.3390/buildings9100223,20,"The idea of sustainable smart city has extensive scientific literature where the architects’ role in designing built environments, being a physical platform for implementing “elderly-friendly” solutions, is poorly referenced. The main objective of the article is to define the role of architects in creating the image of sustainable smart cities, focusing on senior citizens. The paper surveys the available literature on the subject and describes pilot studies carried out at the indicative level among the students of one of architecture faculties in Poland, based on the design thinking method. The studies demonstrate how students imagine intelligent elderly-friendly cities in the future from the architects’ perspective. In addition, examples of other studies with the students of that faculty are presented. Following the analyses combining the conclusions of research and pilot studies with the students, a tabular summary of the architects’ tasks and roles were provided—these were divided into six building blocks of a smart city and as a reference to the elements shaping the image of cities, districts and buildings. This is a new, innovative classification of architectural issues. The perspectives for further desk research and field participatory research were indicated, which should, in the future, translate into a novel holistic approach to the problem.",night image synthesis camera noise glare reflection,exclude,no mechanism relevant to scope
https://openalex.org/W4404607464,"Innovations in 3D Object Detection: A Comprehensive Review of Methods, Sensor Fusion, and Future Directions",2024,https://doi.org/10.62762/tscc.2024.989358,https://doi.org/10.62762/tscc.2024.989358,17,"This review paper offers a thorough assessment of three-dimensional object recognition methods, an essential element in the perception frameworks of autonomous systems. This analysis emphasises the integration of LiDAR and camera sensors, providing a distinctive contrast with more economical alternatives like camera-only or camera-Radar combinations. This study objectively evaluates performance and practical implementation issues, such as cost and operational efficiency, thereby elucidating the limitations of existing systems and proposing avenues for further research. The insights provided render it a significant asset for enhancing 3D object recognition and autonomy in intelligent systems.",night image synthesis camera noise glare reflection,exclude,no mechanism relevant to scope
https://openalex.org/W4220721804,Dark and Quiet Skies for Science and Society: Report and recommendations,2022,https://doi.org/10.5281/zenodo.5898785,https://doi.org/10.5281/zenodo.5898785,15,"Upon request from the United Nations Committee on the Peaceful Uses of Outer Space (COPUOS), the UN Office of Outer Space Affairs, the International Astronomical Union and Spain are organising a Conference on “Dark and Quiet Skies for Science and Society”, postponed to April 2021 due to the Covid-19 pandemic. An online Workshop took place from 5 to 9 Octo- ber 2020 to discuss initial findings and draft recommendations. The present report is the outcome from this Workshop; the recommendations it contains will be reviewed during the forthcoming Conference with the aim to be presented to the COPUOS Meeting in June 2021.",night image synthesis camera noise glare reflection,exclude,no mechanism relevant to scope
https://openalex.org/W4292381852,A bidirectional multilayer contrastive adaptation network with anatomical structure preservation for unpaired cross-modality medical image segmentation,2022,https://doi.org/10.1016/j.compbiomed.2022.105964,https://doi.org/10.1016/j.compbiomed.2022.105964,15,,unpaired image translation structure preservation,exclude,no mechanism relevant to scope
https://openalex.org/W4312737787,DeepPS2: Revisiting Photometric Stereo Using Two Differently Illuminated Images,2022,https://doi.org/10.1007/978-3-031-20071-7_8,https://doi.org/10.1007/978-3-031-20071-7_8,13,,single image relighting inverse rendering,exclude,no mechanism relevant to scope
https://openalex.org/W4402038680,"Drone and ground-truth data collection, image annotation and machine learning: A protocol for coastal habitat mapping and classification",2024,https://doi.org/10.1016/j.mex.2024.102935,https://doi.org/10.1016/j.mex.2024.102935,13,"Aerial drone imaging is an efficient tool for mapping and monitoring of coastal habitats at high spatial and temporal resolution. Specifically, drone imaging allows for time- and cost-efficient mapping covering larger areas than traditional mapping and monitoring techniques, while also providing more detailed information than those from airplanes and satellites, enabling for example to differentiate various types of coastal vegetation. Here, we present a systematic method for shallow water habitat classification based on drone imagery. The method includes:•Collection of drone images and creation of orthomosaics.•Gathering ground-truth data in the field to guide the image annotation and to validate the final map product.•Annotation of drone images into - potentially hierarchical - habitat classes and training of machine learning algorithms for habitat classification.As a case study, we present a field campaign that employed these methods to map a coastal site dominated by seagrass, seaweed and kelp, in addition to sediments and rock. Such detailed but efficient mapping and classification can aid to understand and sustainably manage ecologically and valuable marine ecosystems.",night image synthesis camera noise glare reflection,exclude,no mechanism relevant to scope
https://openalex.org/W4385644510,Diffusion-Augmented Depth Prediction with Sparse Annotations,2023,https://doi.org/10.1145/3581783.3611807,https://doi.org/10.1145/3581783.3611807,9,"Depth estimation aims to predict dense depth maps. In autonomous driving scenes, sparsity of annotations makes the task challenging. Supervised models produce concave objects due to insufficient structural information. They overfit to valid pixels and fail to restore spatial structures. Self-supervised methods are proposed for the problem. Their robustness is limited by pose estimation, leading to erroneous results in natural scenes. In this paper, we propose a supervised framework termed Diffusion-Augmented Depth Prediction (DADP). We leverage the structural characteristics of diffusion model to enforce depth structures of depth models in a plug-and-play manner. An object-guided integrality loss is also proposed to further enhance regional structure integrality by fetching objective information. We evaluate DADP on three driving benchmarks and achieve significant improvements in depth structures and robustness. Our work provides a new perspective on depth estimation with sparse annotations in autonomous driving scenes.",night image synthesis camera noise glare reflection,exclude,no mechanism relevant to scope
https://openalex.org/W4387575644,High Dynamic Range Imaging,2023,https://doi.org/10.1002/9781119827214.ch17,https://doi.org/10.1002/9781119827214.ch17,6,"The emergence of advanced technologies and algorithms capable of handling dynamic ranges beyond those of traditional color imaging systems has given rise to high dynamic range (HDR) imaging. The HDR imaging pipeline encompasses the acquisition, creation, storage, distribution, and display of images and videos with extended luminance range. HDR images and videos can be generated through HDR-capable cameras, spatial compositions of multiple exposure images, or computer graphics techniques. New floating-point-based HDR image and video storage formats have also been introduced, offering encoding and metadata implementations distinct from conventional standard dynamic range (SDR) formats. Furthermore, the recent progress and widespread acceptance of HDR rendering technologies have led to significant advancements in HDR rendering algorithms. As a result, numerous international HDRTV and content reproduction standards have been introduced. International organizations have issued recommendations for dynamic range compression of HDR content and expansion of SDR content. This chapter focuses exclusively on important concepts and techniques in the HDR imaging pipeline, specifically concentrating on still images. Additionally, the chapter covers recent advancements and provides relevant references for gaining a comprehensive understanding of the current state of the art in HDR imaging.",night image synthesis camera noise glare reflection,exclude,no mechanism relevant to scope
https://openalex.org/W2113587056,An epifluorescent attachment improves whole-plant digital photography of Arabidopsis thaliana expressing red-shifted green fluorescent protein,2012,https://doi.org/10.1093/aobpla/pls003,https://doi.org/10.1093/aobpla/pls003,5,"BACKGROUND AND AIMS: Studies have shown that levels of green fluorescent protein (GFP) leaf surface fluorescence are directly proportional to GFP soluble protein concentration in transgenic plants. However, instruments that measure GFP surface fluorescence are expensive. The goal of this investigation was to develop techniques with consumer digital cameras to analyse GFP surface fluorescence in transgenic plants. METHODOLOGY: Inexpensive filter cubes containing machine vision dichroic filters and illuminated with blue light-emitting diodes (LED) were designed to attach to digital single-lens reflex (SLR) camera macro lenses. The apparatus was tested on purified enhanced GFP, and on wild-type and GFP-expressing arabidopsis grown autotrophically and heterotrophically. PRINCIPAL FINDINGS: Spectrum analysis showed that the apparatus illuminates specimens with wavelengths between ∼450 and ∼500 nm, and detects fluorescence between ∼510 and ∼595 nm. Epifluorescent photographs taken with SLR digital cameras were able to detect red-shifted GFP fluorescence in Arabidopsis thaliana leaves and cotyledons of pot-grown plants, as well as roots, hypocotyls and cotyledons of etiolated and light-grown plants grown heterotrophically. Green fluorescent protein fluorescence was detected primarily in the green channel of the raw image files. Studies with purified GFP produced linear responses to both protein surface density and exposure time (H(0): β (slope) = 0 mean counts per pixel (ng s mm(-2))(-1), r(2) > 0.994, n = 31, P < 1.75 × 10(-29)). CONCLUSIONS: Epifluorescent digital photographs taken with complementary metal-oxide-semiconductor and charge-coupled device SLR cameras can be used to analyse red-shifted GFP surface fluorescence using visible blue light. This detection device can be constructed with inexpensive commercially available materials, thus increasing the accessibility of whole-organism GFP expression analysis to research laboratories and teaching institutions with small budgets.",night image synthesis camera noise glare reflection,exclude,no mechanism relevant to scope
https://openalex.org/W2950254430,Frontiers in Ophthalmology and Ocular Imaging,2019,https://doi.org/10.5772/intechopen.75372,https://doi.org/10.5772/intechopen.75372,3,"Imagination is the key to any discovery, and its presence in the science to improve vision is no exception. Vision science is racing forward, spurred on by a host of exciting novel research discoveries and the efforts of scientists. This book, a collection of reviewed and relevant research chapters, intends to provide readers with a comprehensive overview of the latest and most advanced findings in several aspects of ophthalmology, ophthalmic pathology, ocular imaging, and certain treatments and surgical strategies. It is an excellent, well-integrated review of treatment options in eye disease that aims to provide a thorough overview of the recent developments written by international authors. ""Frontiers in Ophthalmology and Ocular Imaging"" can be used as an important reference for clinically oriented ophthalmologists and scientists.",night image synthesis camera noise glare reflection,exclude,no mechanism relevant to scope
https://openalex.org/W4385812457,An irradiated-Jupiter analogue hotter than the Sun,2023,https://doi.org/10.1038/s41550-023-02048-z,https://doi.org/10.1038/s41550-023-02048-z,3,,night image synthesis camera noise glare reflection,exclude,no mechanism relevant to scope
https://openalex.org/W4318719206,Eye Image-based Algorithms to Estimate Percentage Closure of Eye and Saccadic Ratio for Alertness Detection,2023,https://doi.org/10.48550/arxiv.2301.12799,http://arxiv.org/abs/2301.12799,2,The current research work has developed two novel algorithms for image-based measurement of Percentage Closure of Eyes-PERCLOS and Saccadic Ratio-SR. The PERCLOS is estimated by correlation filter-based technique. An innovative combination of gray scale and Near Infrared sensitive camera with passive NIR illuminator helps to achieve higher accuracy than the existing art. Two novel techniques have been developed for the detection of iris centre and eye corners. We propose an index called Form Factor to find the iris position. The saccadic velocity profile can be estimated from the temporal information of the iris positions using standard tracking algorithm such as Extended Kalman filter. Experimental results indicate that the estimation of both SR and PERCLOS can predict the level of alertness of an operator from onset of diminished alertness to fatigue.,night image synthesis camera noise glare reflection,exclude,no mechanism relevant to scope
https://openalex.org/W2902890569,"The high dynamic range imaging pipeline : Tone-mapping, distribution, and single-exposure reconstruction",2018,https://doi.org/10.3384/diss.diva-147843,https://doi.org/10.3384/diss.diva-147843,2,de).,night image synthesis camera noise glare reflection,exclude,no mechanism relevant to scope
https://openalex.org/W1839262041,Vertical Silicon Nanowires for Image Sensor Applications,2014,,http://dissertations.umi.com/gsas.harvard.inactive:11830,1,(Article begins on next page) The Harvard community has made this article openly available. Please share how this access benefits you. Your story matters.,night image synthesis camera noise glare reflection,exclude,no mechanism relevant to scope
